Company,Website,Industry,Employees,Annual revenue,Total funding,Company phone,Company Address,Company country,Company founded date,Alter names,Managers,Addtional Contact Info,Company Social Urls,Category
Mona Vale Dental,https://www.monavaledental.com.au/,,,,,02 9997 1100,"8-10 Waratah St, Mona Vale, New South Wales, 2103, Australia",,,[],[],{},{'facebook': 'https://www.facebook.com/Mona-Vale-Dental-528602223883675/'},[]
NOVA SMASH REPAIR,http://www.novasr.com.au,,,,,0893254686,"26 Brown street, East Perth, Western Australia, 6004, Australia",,,[],[],{},{},[]
Opals Australia Pty Ltd,https://www.opals-australia.com/,,,,,(02) 9251 2222,"GPO Box 4449, Sydney, New South Wales, 2000, Australia",,,[],[],{},{},[]
Phallosan Forte,https://www.phallosan.com.au,,,,,1300935470,"5/68 Gould St, Bondi Beach, New South Wales, 2026, Australia",,,[],[],{},"{'facebook': 'https://www.facebook.com/phallosanforteau/', 'twitter': 'https://twitter.com/forte_phallosan', 'linkedin': 'https://www.linkedin.com/company/phallosan-forte/'}",[]
CC Celebrations,http://www.cccelebrations.com.au,,,,,+61400550354,"Dow Street, Port Melbourne, 3207,",,,[],[],{},{},[]
RSM Australia,https://www.rsm.global/australia/offices/toowoomba,,,,,746884000,"51 Hill St, Toowoomba City, Queensland, 4350, Australia",,,[],[],{},"{'facebook': 'https://www.facebook.com/RSMToowoomba/', 'twitter': 'https://twitter.com/RSM_au?ref_src=twsrc^google|twcamp^serp|twgr^author', 'linkedin': 'https://au.linkedin.com/company/rsm-australia', 'googleplus': 'https://plus.google.com/+RSMinAustralia', 'instagram': 'https://www.instagram.com/rsm_au/', 'blog': 'https://www.rsm.global/australia/insights/business-insights'}",[]
RSM Australia,https://www.rsm.global/australia/offices/quairading,,,,,896451166,"1 Parker St, Quairading, Western Australia, 6383, Australia",,,[],[],{},"{'facebook': 'https://www.facebook.com/RSMAustralia.au/', 'twitter': 'https://twitter.com/RSM_au?ref_src=twsrc^google|twcamp^serp|twgr^author', 'linkedin': 'https://au.linkedin.com/company/rsm-australia', 'googleplus': 'https://plus.google.com/+RSMinAustralia', 'instagram': 'https://www.instagram.com/rsm_au/', 'blog': 'https://www.rsm.global/australia/insights/business-insights'}",[]
RSM Australia,https://www.rsm.global/australia/offices/northam,,,,,+61 8 9622 2822,"210 Fitzgerald St E, Northam, Western Australia, 6401, Australia",,,[],[],{},"{'facebook': 'https://www.facebook.com/RSMNortham/', 'twitter': 'https://twitter.com/RSM_au?ref_src=twsrc^google|twcamp^serp|twgr^author', 'linkedin': 'https://au.linkedin.com/company/rsm-australia', 'googleplus': 'https://plus.google.com/+RSMinAustralia', 'instagram': 'https://www.instagram.com/rsm_au/', 'blog': 'https://www.rsm.global/australia/insights/business-insights'}",[]
RSM Australia,https://www.rsm.global/australia/offices/moora,,,,,896511606,"13 Dandaragan St, Moora, Western Australia, 6510, Australia",,,[],[],{},"{'facebook': 'https://www.facebook.com/RSMAustralia.au/', 'twitter': 'https://twitter.com/RSM_au?ref_src=twsrc^google|twcamp^serp|twgr^author', 'linkedin': 'https://au.linkedin.com/company/rsm-australia', 'googleplus': 'https://plus.google.com/+RSMinAustralia', 'instagram': 'https://www.instagram.com/rsm_au/', 'blog': 'https://www.rsm.global/australia/insights/business-insights'}",[]
RSM Australia,https://www.rsm.global/australia/offices/manjimup,,,,,+61 8 9771 1244,"30-32 Rose St, Manjimup, Western Australia, 6258, Australia",,,[],[],{},"{'facebook': 'https://www.facebook.com/RSMManjimup/', 'twitter': 'https://twitter.com/RSM_au?ref_src=twsrc^google|twcamp^serp|twgr^author', 'linkedin': 'https://au.linkedin.com/company/rsm-australia', 'googleplus': 'https://plus.google.com/+RSMinAustralia', 'instagram': 'https://www.instagram.com/rsm_au/', 'blog': 'https://www.rsm.global/australia/insights/business-insights'}",[]
RSM Australia,https://www.rsm.global/australia/offices/katanning,,,,,898211277,"10 Amherst St, Katanning, Western Australia, 6317, Australia",,,[],[],{},"{'facebook': 'https://www.facebook.com/RSMAustralia.au/', 'twitter': 'https://twitter.com/RSM_au?ref_src=twsrc^google|twcamp^serp|twgr^author', 'linkedin': 'https://au.linkedin.com/company/rsm-australia', 'googleplus': 'https://plus.google.com/+RSMinAustralia', 'instagram': 'https://www.instagram.com/rsm_au/', 'blog': 'https://www.rsm.global/australia/insights/business-insights'}",[]
RSM Australia,https://www.rsm.global/australia/offices/kalgoorlie,,,,,+61 8 9021 1499,"28 Cheetham Street, Kalgoorlie, 6430,",,,[],[],{},"{'facebook': 'https://www.facebook.com/RSMAustralia.au/', 'twitter': 'https://twitter.com/RSM_au?ref_src=twsrc^google|twcamp^serp|twgr^author', 'linkedin': 'https://au.linkedin.com/company/rsm-australia', 'googleplus': 'https://plus.google.com/+RSMinAustralia', 'instagram': 'https://www.instagram.com/rsm_au/', 'blog': 'https://www.rsm.global/australia/insights/business-insights'}",[]
RSM Australia,https://www.rsm.global/australia/offices/goulburn,,,,,248241100,"143 Bourke St, Goulburn, New South Wales, 2580, Australia",,,[],[],{},"{'facebook': 'https://www.facebook.com/RSMAustralia.au/', 'twitter': 'https://twitter.com/RSM_au?ref_src=twsrc^google|twcamp^serp|twgr^author', 'linkedin': 'https://au.linkedin.com/company/rsm-australia', 'googleplus': 'https://plus.google.com/+RSMinAustralia', 'instagram': 'https://www.instagram.com/rsm_au/', 'blog': 'https://www.rsm.global/australia/insights/business-insights'}",[]
RSM Australia,https://www.rsm.global/australia/offices/fremantle,,,,,+61 8 9432 3100,"18 Parry St, Suite 7Fremantle, Western Australia, 6160, Australia",,,[],[],{},"{'facebook': 'https://www.facebook.com/RSMAustralia.au/', 'twitter': 'https://twitter.com/RSM_au?ref_src=twsrc^google|twcamp^serp|twgr^author', 'linkedin': 'https://au.linkedin.com/company/rsm-australia', 'googleplus': 'https://plus.google.com/+RSMinAustralia', 'instagram': 'https://www.instagram.com/rsm_au/', 'blog': 'https://www.rsm.global/australia/insights/business-insights'}",[]
RSM Australia,https://www.rsm.global/australia/offices/corrigin,,,,,+61 8 9063 2154,"15 Walton St, Corrigin, Western Australia, 6375, Australia",,,[],[],{},"{'facebook': 'https://www.facebook.com/RSMAustralia.au/', 'twitter': 'https://twitter.com/RSM_au?ref_src=twsrc^google|twcamp^serp|twgr^author', 'linkedin': 'https://au.linkedin.com/company/rsm-australia', 'googleplus': 'https://plus.google.com/+RSMinAustralia', 'instagram': 'https://www.instagram.com/rsm_au/', 'blog': 'https://www.rsm.global/australia/insights/business-insights'}",[]
RSM Australia,https://www.rsm.global/australia/offices/busselton,,,,,+61 8 9752 1406,"2 Fairbairn Rd, 2 Fairbairn RoadBusselton, Western Australia, 6280, Australia",,,[],[],{},"{'facebook': 'https://www.facebook.com/RSMAustralia.au/', 'twitter': 'https://twitter.com/RSM_au?ref_src=twsrc^google|twcamp^serp|twgr^author', 'linkedin': 'https://au.linkedin.com/company/rsm-australia', 'googleplus': 'https://plus.google.com/+RSMinAustralia', 'instagram': 'https://www.instagram.com/rsm_au/', 'blog': 'https://www.rsm.global/australia/insights/business-insights'}",[]
RSM Australia,https://www.rsm.global/australia/offices/ballarat,,,,,353305800,"12 Anderson St W, Ballarat Central, Victoria, 3350, Australia",,,[],[],{},"{'facebook': 'https://www.facebook.com/RSMBallarat/', 'twitter': 'https://twitter.com/RSM_au?ref_src=twsrc^google|twcamp^serp|twgr^author', 'linkedin': 'https://au.linkedin.com/company/rsm-australia', 'googleplus': 'https://plus.google.com/+RSMinAustralia', 'instagram': 'https://www.instagram.com/rsm_au/', 'blog': 'https://www.rsm.global/australia/insights/business-insights'}",[]
RSM Australia,https://www.rsm.global/australia/offices/albany,,,,,+61 8 9841 2766,"61 Peels Pl, Albany, Western Australia, 6330, Australia",,,[],[],{},"{'facebook': 'https://www.facebook.com/RSMAlbany/', 'twitter': 'https://twitter.com/RSM_au?ref_src=twsrc^google|twcamp^serp|twgr^author', 'linkedin': 'https://au.linkedin.com/company/rsm-australia', 'googleplus': 'https://plus.google.com/+RSMinAustralia', 'instagram': 'https://www.instagram.com/rsm_au/', 'blog': 'https://www.rsm.global/australia/insights/business-insights'}",[]
SalesSPACE,,,,,,1300777223,"New South Wales, 2250, Australia",,,[],[],{},{},[]
Schutties Fasteners Pty. Ltd,http://www.schuttiesfasteners.com.au,,,,,0395532032,"10 Bignell Rd, Moorabbin, Victoria, 3189, Australia",,,[],[],{},{'facebook': 'http://www.facebook.com.au/SchuttiesFasteners-Pty.Ltd'},[]
Shutters Australia Pty Ltd,https://www.shuttersaustralia.com.au/,,,,,291977350,"9 Packard Ave, Castle Hill, New South Wales, 2154, Australia",,,[],[],{},"{'facebook': 'https://www.facebook.com/ShuttersAus/', 'youtube': 'https://www.youtube.com/user/ShutterAustralia', 'pinterest': 'https://www.pinterest.com.au/shuttersau/'}",[]
SME Association of Australia,https://www.smea.org.au/home,,,,,,"Level 3/50 York Street, Sydney, New South Wales, 2000, Australia",,,[],[],{},{},[]
SME TV & Podcast,,,,,,0411 012 712,,,,[],[],{},{},[]
SMSF Blueprint,http://www.smsfblueprint.com,,,,,0404455001,"Sydney, New South Wales, Australia",,,[],[],{},{'facebook': 'https://www.facebook.com/SMSF-Blueprint-2020923458165533/'},[]
Superfect Pty Ltd,https://superfect.net.au/,,,,,0267683307,,,,[],[],{},"{'facebook': 'https://www.facebook.com/superfectaccounting/', 'blog': 'https://superfect.net.au/blog/'}",[]
Susie Tuckwell,https://susietuckwell.com.au/,,,,,1300784902,"The Trust Building, 155 King StSydney, New South Wales, 2000, Australia",,,[],[],{},{},[]
SYNERGY PROTECTION AGENCY T/A ALWAYS SYNERGY,http://www.alwayssynergy.com.au,,,,,+612 94391933,"32-34 Dickson Ave, ARTARMON, New South Wales, 2064, Australia",,,[],[],{},{'linkedin': 'https://www.linkedin.com/in/joe-merhi-8a75241'},[]
The Field Group,https://www.fieldgroup.com.au/,,,,,(03) 9727 6700,"1 E Ridge Dr, Chirnside Park, Victoria, 3116, Australia",,,[],[],{},"{'facebook': 'https://www.facebook.com/fieldgroupaccounting/', 'linkedin': 'https://linkedin.com/company/the-field-group---accounting', 'youtube': 'https://www.youtube.com/@fieldgroupaccounting'}",[]
TPM Builders,https://www.tpmbuilders.com.au/,,,,,1300 733 891,"458 Gympie Rd, Strathpine, Queensland, 4500, Australia",,,[],[],{},{},[]
Virgin Australia,https://www.virginaustralia.com/au/en/experience/business-travel/accelerate/,,,,,,"56 Edmondstone Rd, Bowen Hills, Queensland, 4006, Australia",,,[],[],{},{'linkedin': 'https://www.linkedin.com/in/brisbanetravelagent/'},[]
Western Wellness Yoga,https://www.westernwellness.com.au/,,,,,0409 248 591,"30 Wallace Ave, Point Cook, Victoria, 3030, Australia",,,[],[],{},"{'facebook': 'http://www.facebook.com/WesternWellnessStudio', 'instagram': 'http://www.instagram.com/westernwellness'}",[]
Zeal 3D Printing Services,https://www.zeal3dprinting.com.au/,,,,,0424762563,"604/566 St Kilda Rd, Melbourne VIC 3004, Melbourne, South Australia, 3004, Australia",,,[],[],{},{},[]
Blinds NSW,https://www.blindsnsw.com.au/,,,,,1300-000-(679),"23 Dartford St, Mount Pritchard, New South Wales, 2170, Australia",,,[],[],{},{},[]
Mitre 10,,,,,,07 34707100,"9 Turley Street, Ipswich, Queensland, 4305, Australia",,,[],[],{},{},[]
Urban Interiors,https://www.urbaninteriors.com.au,,,,,+61 1300 323 265,"Level 1, 16 McDougall St, Milton, Queensland, 4064, Australia",,,[],[],{},{},[]
No Gaps Dental - Dentist Bondi Junction,https://www.nogapsdental.com/location/dentist-bondi-junction/,,,,,02 8007 6702,"384 Oxford St, Bondi Junction, New South Wales, 2022, Australia",,,[],[],{},{},[]
Green Edge Electrical - Electrician Salisbury,http://greenedge-elec.com.au/electricians-salisbury/,,,,,0416 687 533,,,,[],[],{},{},[]
Middle South East,http://middlesoutheast.com.au/,,,,,03 9824 0093,"670 Chapel St, 670 Chapel Street South Yarra 3141  Melbourne VICSouth Yarra, Victoria, 3141, Australia",,,[],[],{},{},[]
Absolute Cleaning Solutions,,,,,,1300 583 887,"Shop 5, 2-8 Siganto St Tamborine Mountain, QLD,  4272 ,",,,[],[],{},{},[]
Airport West Motor Repairs,https://www.apwmotorrepairs.com.au/,,,,,03 9338 1332,"12 Moore Rd, Airport West, Victoria, 3042, Australia",,,[],[],{},{},[]
Amrop Carmichael Fisher Sydney,https://www.amropcarmichaelfisher.com/office/sydney,,,,,+61 2 8247 5444,"Level 20, 207 Kent Street Sydney, Australia, Sydney, 2000,",,,[],[],{},{},[]
B & D Carpets Galore Pty. Ltd,http://www.banddcarpetgalore.com.au/timber-floors-wollongong,,,,,02 4285 4551,"3/77 Jardine Street, Fairy Meadow, New South Wales, 2519, Australia",,,[],[],{},{},[]
Blacktown Landscapes,https://www.blacktownlandscapes.com.au/,,,,,0480017632,"12 Essex St., Blacktown, New South Wales, 2148, Australia",,,[],[],{},{},[]
BMS Smash Repairs,http://bmssmashrepairs.com.au/,,,,,0404 934 334,"114 Hammond Rd, Dandenong South, Victoria, 3175, Australia",,,[],[],{},{},[]
Cadeau Confections,https://onlycadeau.com/,,,,,832-519-8914,"11601 Shadow Creek Pkwy, Pearland, 77584,",,,[],[],{},{},[]
Campbelltown Tree Service,https://www.campbelltowntree.com.au/,,,,,02-8074-5285,"42 Wiregrass Ave., Denham Court, New South Wales, 2565, Australia",,,[],[],{},{},[]
Cash For Cars Gawler,https://www.adlcashforcars.com.au/cash-for-cars-gawler/,,,,,04 1209 4351,"384 Martins Rd, Green Fields, South Australia, 5107, Australia",,,[],[],{},{},[]
Commercial Clean Group,https://www.commercialclean.com.au,,,,,,"Brisbane, Queensland, Australia",,,[],[],{},{},[]
Coslee Poles,https://coslee.com.au/,,,,,61 393572311,"17-19 Industrial Ave, Thomastown, Victoria, 3074, Australia",,,[],[],{},{},[]
D blue Pro,https://www.dbluepro.com.au/,,,,,0410 817 857,"65-71 Belmore Rd, Randwick, New South Wales, 2031, Australia",,,[],[],{},{},[]
Dents Direct,https://www.dentsdirect.com.au/,,,,,0420-529-480,"Berwick VIC 3806, Australia, Berwick, 3806,",,,[],[],{},{},[]
Diamond Shine Pressure Cleaning,https://www.dspressurecleaning.com.au/,,,,,1300 928 225,"2/14 DALROY CRESCENT, Vermont South, Victoria, 3133, Australia",,,[],[],{},{},[]
ESD Consultants,https://www.esdconsultants.com.au/,,,,,0426 370 718,"7 Lamina Ave, Mill Park, Victoria, 3082, Australia",,,[],[],{},{},[]
Financial Advisor Melbourne,http://www.apartnerinplanning.com.au,,,,,1300880100,"23/347 Bay Rd, cheltenham, 3192,",,,[],[],{},{},[]
Freight Melbourne to Perth - Freight Partners,http://freightpartners.com.au/melbourne-to-sydney-perth-brisbane-n-other-metro-cities/,,,,,,"19 Milton Parade, Malvern, Victoria, 3144, Australia",,,[],[],{},{},[]
GenMedicare,https://www.genmedicare.com/fildena-100,,,,,(03) 9696 5689,"70 Southbank Blvd, Southbank, Victoria, 3006, Australia",,,[],[],{},{},[]
Gigi's Eco Collection,https://gigisecocollection.com.au/,,,,,,"1 Tamborine Dr, Beaumont Hills, New South Wales, 2155, Australia",,,[],[],{},{},[]
H E Technical Services Pty Ltd,https://www.het.com.au,,,,,03 9775 0557,"8 Concord Cres, Carrum Downs, Victoria, 3201, Australia",,,[],[],{},{},[]
Integrated Smiles Bendigo,https://integratedsmilesbendigo.com.au,,,,,(03) 5443 5631,"93 Myrtle St, Bendigo, Victoria, 3550, Australia",,,[],[],{},{},[]
Klu,https://myklu.com,,,,,6597511892,"600 North Bridge Road, , #12-02/03 Parkview Square Singapore, 188778,",,,[],[],{},{},[]
Local Pest Control Melbourne,http://sespestcontrolmelbourne.com.au/,,,,,,"Melbourne, Victoria, 3000, Australia",,,[],[],{},{},[]
Loman Car Removals Perth,https://www.lomancarremovals.com.au/,,,,,0892798550,"14 Clune St, Bassendean, Western Australia, 6054, Australia",,,[],[],{},{},[]
Mary Kay - Nude Private Therapist,http://www.marykayguru.com/,,,,,,"Abeckett Street melbourne VIC 3000 Australia, melbourne, 3000,",,,[],[],{},{},[]
Melville Renault,http://www.melvillerenault.com.au/,,,,,1300 624 427,"164 Leach Hwy, Melville, Western Australia, 6156, Australia",,,[],[],{},{},[]
Mosquito Sheriff,https://mosquitosheriff.com/,,,,,,"4008  Rinehart Road, Owings, 20736,",,,[],[],{},{},[]
Orbit Innovations Group,https://orbiting.com.au/,,,,,07 4401 5864,"25 Civil Rd, Garbutt, Queensland, 4814, Australia",,,[],[],{},{},[]
Ozwreck - Holden & Ford Wreckers,http://www.ozwreck.com.au,,,,,0397946565,"50 Bennet St, Dandenong, Victoria, 3175, Australia",,,[],[],{},{},[]
Pawfect Health,https://www.pawfecthealth.net.au/,,,,,0405 822 097,"PO Box 2193, Gladstone Park, Victoria, 3043, Australia",,,[],[],{},{},[]
Pest Control Canberra,http://mychoicecleaning.com.au/pest-control-canberra,,,,,,"Canberra, Australian Capital Territory, 2601, Australia",,,[],[],{},{},[]
Powerhouse International QLD,https://www.powerhouseqld.com.au/customs-broker-brisbane/,,,,,(07) 3868 2468,"50 French St, Eagle Farm, Queensland, 4009, Australia",,,[],[],{},{},[]
Pro Tiling Melbourne,https://protilingmelbourne.com.au/commercial-tiling/,,,,,0450 516 537,"Doveton, Victoria, 3177, Australia",,,[],[],{},{},[]
Recognition ID,https://recognitionid.com.au/,,,,,+613 9898 8809,"51 Industrial Dr, Braeside, Victoria, 3195, Australia",,,[],[],{},{},[]
Reliable Melbourne Accountants,https://rmelbourneaccountants.com.au/,,,,,1300049534,"110 Bakehouse Rd, Kensington, Victoria, 3031, Australia",,,[],[],{},{},[]
Rose Lane Clothing,https://www.roselaneclothing.com.au/,,,,,04 3777 2663,"Mount Low Pkwy, Mount Low, Queensland, 4818, Australia",,,[],[],{},{},[]
Skycon Technologies,http://www.skycontechnologies.com,,,,,09056176761,"100 Feet Rd, punjabBathinda, Punjab, 151001, India",,,[],[],{},{},[]
Sofa Cleaning Adelaide,http://squeakycleanupholstery.com.au/upholstery-cleaning-adelaide,,,,,,"Adelaide, South Australia, 5000, Australia",,,[],[],{},{},[]
Stairs By Design,https://stairsbydesign.com.au/,,,,,(08) 8280 6081,"4 Hatcher Court Burton SA 5110, Burton, South Australia, 5110, Australia",,,[],[],{},{},[]
"Swanson Australia - Swanson vitamins shop, online supplements | Probiotics & organic foods",https://www.swansonaustralia.com,,,,,1300361825,"Oatlands, New South Wales, 2117, Australia",,,[],[],{},{},[]
The Beaches Sports Physio,https://thebeachessportsphysio.com,,,,,(02) 8964 4086,"727 Pittwater Rd, Dee Why, New South Wales, 2099, Australia",,,[],[],{},{},[]
The Relationspace,https://relationspace.com.au,,,,,02 9221 1111,"601/67 Castlereagh St, Sydney, New South Wales, 2000, Australia",,,[],[],{},{},[]
Upholstery Cleaning Hobart,http://koalacleaning.com.au/upholstery-cleaning-hobart,,,,,,"Hobart, Tasmania, 7000, Australia",,,[],[],{},{},[]
Victorian Hearing,https://www.victorianhearing.com.au/,,,,,03 9558 8842,"Suite 11, Monash Specialist Centre, 212 Clayton Rd, 3168, Clayton, Victoria,  Australia, Clayton, 3168,",,,[],[],{},{},[]
West Coast Valuers,https://www.westcoastvaluers.com.au/,,,,,(08) 6245 2131,"251 Adelaide Terrace, Perth WA 6000Perth, Western Australia, 6000, Australia",,,[],[],{},{},[]
`Design the Planet,https://www.designtheplanet.com/expertise/website-design/,,,,,,"2313 N Hullen St Suite C, Metairie, LA 70001 USA,",,,[],[],{},{},[]
`Sheraz Khan,https://www.sherazkhanfakewebsite.com,,,,,(07) 5337 8729,"79 Mountain Creek Rd, Mountain Creek, Queensland, 4557, Australia",,,[],[],{},{},[]
???? Sell My Car Union ????,,,,,,,,,,[],[],{},{},[]
"""Globex"" Global Executive Services",http://globx.com.au,,,,,(02) 4940 4600,"19 Darby St, Newcastle, New South Wales, 2300, Australia",,,[],[],{},{},[]
"""Vivo Boxes/ VIVO BOXES (Part of VIVO PACKAGING GROUP) """,https://www.vivoboxes.com/,,,,,(03) 8795 7742,"94 Abbott Rd, Hallam, Victoria, 3803, Australia",,,[],[],{},{},[]
(02) 8084 2944,https://www.litecokitchens.com.au/,,,,,+61280949057,"Unit 1A, 415 West Botany Street, Rockdale NSW 2216, Rockdale, 2216,",,,[],[],{},{},[]
&glazed,https://andglazed.co/,,,,,98736719,"94C Bedok North Ave 4, Singapore, 462094, Singapore",,,[],[],{},{},[]
#Stop Cyberbullying,https://www.stopcyberbullying.org.au/,,,,,1800199006,"12 St Georges Terrace, Perth, Western Australia, 6000, Australia",,,[],[],{},{},[]
+61 402 684 317,https://psbair.com.au/,,,,,0402684317,"79-91 Macpherson Street, Warriewood NSW 2102, Australia, Warriewood,",,,[],[],{},{},[]
$6 Mini Millions Site,http://6milliondollarsitetoday.com,,,,,+1 602-754-9523,"2752 W Sahuaro Dr # 22-204, Phoenix, Arizona, 85029, United States",,,[],[],{},{},[]
000air,https://000air.com/,,,,,(02) 8003 3900,"11 Wentworth Place, Wentworth Point, Sydney, New South Wales, 2000,",,,[],[],{},{},[]
03 9429 7002,https://corestrengthfitness.melbourne/,,,,,03 9429 7002,"358 Swan Street, Melbourne, Victoria, 3121, Australia",,,[],[],{},{},[]
0488851508,https://greatcarpetcleaning.com.au/,,,,,0488851508,"91 Margaret St, Brisbane, Queensland, 4000, Australia",,,[],[],{},{},[]
07 runescape golds,https://www.07runescape.com.au/,,,,,,,,,[],[],{},{},[]
1 DAY Hardwood Floor Refinishing in Sydney,https://1dayrefinishing.com/near-me/australia/hardwood-floor-refinishing-sydney/,,,,,+61 2 6407 9758,"Sydney, New South Wales, 2144, Australia",,,[],[],{},{},[]
1 Fire Services Pty Ltd,https://www.1fire.com.au,,,,,+61 02 94829879,"Unit 8, 6 Gladstone Road, Castle Hill, New South Wales, 2154, Australia",,,[],[],{},{},[]
1 Fix,https://www.1-fix.com/,,,,,0118 926 0084,"100 Berkshire Pl, Winnersh, England, RG41 5RD, United Kingdom",,,[],[],{},{},[]
1 Group Property Advisory Sydney,https://www.1group.com.au,,,,,1300 788 368,"6 Parkview Dr, Sydney Olympic Park, New South Wales, 2127, Australia",,,[],[],{},{},[]
1 Minute Media,https://www.1minutemedia.com.au/,,,,,1300905205,"88 Phillip St, Sydney, New South Wales, 2000, Australia",,,[],[],{},{},[]
1 Peninsula,https://1peninsula.com.pk/,,,,,0320-2494720,"Plot # 31, 32 Civic Center Gulberg Islamabad,",,,[],[],{},{},[]
1- Host SG.,https://www.1-host.sg/,,,,,6773 0060,"211 Henderson Road, #04-03 Henderson Industrial Park, 159552, Singapore",,,[],[],{},{},[]
1-800-HURT-511,https://hurt511.com/,,,,,7184730071,"1712 KINGS HWY, SUITE 2, Brooklyn, 11229,",,,[],[],{},{},[]
10 Best,https://10best.ae/,,,,,0562577765,"Sheikh Zayed Road Al Qouz First Behind BMW/AGMC 4th Street Showroom No 33, Dubai,",,,[],[],{},{},[]
10-properties-in-10-years,https://10propertiesin10years.com/,,,,,1300617677,"567 High St, Prahran, Victoria, 3181, Australia",,,[],[],{},{},[]
100up,https://100up.com.au/,,,,,+61 400 092 621,"Australia,",,,[],[],{},{},[]
101 Hair and Skin Care Pty Ltd,https://www.101.com.au/,,,,,1800 001 101,"Shop 269, Chadstone Shopping Centre, Chadstone, Victoria, 3148, Australia",,,[],[],{},{},[]
104 Rose Bakery,,,,,,,"421 Randall Ln, La Vergne, Tennessee, 37086, United States",,,[],[],{},{},[]
10xdigitalgroup,https://10xdigitalgroup.com.au/blog/,,,,,475830284,"Doreen vic 3754 Australia, Doreen,",,,[],[],{},{},[]
117 Massage Cabramatta,http://117-massage-cabramatta.business.site/,,,,,490817866,"117 Cabramatta Rd E, Cabramatta, New South Wales, 2166, Australia",,,[],[],{},{},[]
12 VOLT GUY,https://www.12voltguy.com.au/,,,,,(04) 3877 7737,"5 Dominic St 5 Dominic St, Burraneer, New South Wales, 2230, Australia",,,[],[],{},{},[]
121 Group,https://121group.io/,,,,,1300 121 979,"Level 7/222 Exhibition St, Melbourne, Victoria, 3000, Australia",,,[],[],{},{},[]
123 Financial Group,https://www.123financialgroup.com.au/,,,,,02 4920 7886,"29 Smith St, Charlestown, New South Wales, 2290, Australia",,,[],[],{},{},[]
123 Lived Experience Coach,https://123coach.com.au/,,,,,1300090988,"17 Coleman Parade, Glen Waverley, Victoria, 3150, Australia",,,[],[],{},{},[]
123.hp.com/setup,https://123hpmart.com/,,,,,,"435 E Trade St, Charlotte, North Carolina, 28202, United States",,,[],[],{},{},[]
123hpcomsetuponline,https://123hpcomsetuponline.com/,,,,,888-888-888,"5225 Ehrlich Rd Tampa, FL 33624,",,,[],[],{},{},[]
12volt Customs,http://12voltcustoms.com.au,,,,,03 8339 2233,"4 Metrolink Cct, Somerton, Victoria, 3062, Australia",,,[],[],{},{},[]
13 Axes Axe Throwing & Indoor Mini Golf Australia,http://www.13axes.com.au,,,,,0447 262 077,"125 Russell St, Cleveland, Queensland, 4163, Australia",,,[],[],{},{},[]
13 Book Cabs - Bayside Frankston Taxis,https://www.13bookcab.com.au/,,,,,1300619769,"42 Mascot Ave, Bonbeach, Victoria, 3196, Australia",,,[],[],{},{},[]
13 CABNET,https://www.13cabtaxi.net.au/,,,,,0397051851,"Melbourne, Victoria, 3805, Australia",,,[],[],{},{},[]
13 IT,https://www.13it.com.au/TVs/,,,,,03 8529 2833,"1 Clay Ct, Thomastown, Victoria, 3074, Australia",,,[],[],{},{},[]
13 Melbourne Taxi,https://13melbournetaxi.com.au/,,,,,0413 592 806,"22 Watergum Ave, Craigieburn, Victoria, 3064, Australia",,,[],[],{},{},[]
13 Taxi North Suburban Cab,https://www.13taxinorthsuburban.cab/,,,,,0390090051,"Bundoora, Victoria, 3083, Australia",,,[],[],{},{},[]
1300 Airport Taxi,https://1300airporttaxi.com.au,,,,,0434434495,"1300 Airport Taxi, Caulfield, Victoria, 3162, Australia",,,[],[],{},{},[]
1300 Get Tint,https://www.1300gettint.com.au,,,,,1300438846,"2/20 spine st, Sumner Park, Queensland, 4074, Australia",,,[],[],{},{},[]
1300 Truck Hire,https://www.1300truckhire.com.au/,,,,,1300 878 254,"107 Bunda Street, Portsmith, Queensland, 4870, Australia",,,[],[],{},{},[]
1300Cameras,https://1300cameras.com/,,,,,61 416 739 869,"Brisbane, Brisbane, 1300,",,,[],[],{},{},[]
1300LOCATE,https://1300locate.com.au/,,,,,1300 562 283,"45 Cessna Dr, Caboolture, Queensland, 4510, Australia",,,[],[],{},{},[]
13CABNET TAXI,https://www.13cab.net.au,,,,,0397051851,"Narre Warren South, Victoria, 3805, Australia",,,[],[],{},{},[]
13maxicabsonline,https://13maxicabsonline.com/,,,,,1300 359 509,"Sydney, New South Wales, 2196, Australia",,,[],[],{},{},[]
13TECH,https://13tech.net.au,,,,,+61 138324,"Level 1, 530 Lt. Collins Street, Melbourne, Victoria, 3000, Australia",,,[],[],{},{},[]
143 Boat Building PTY LTD,https://www.143boatbuilding.com.au,,,,,0451 229 247,"Shed F1, 1 Boatworks Drive, Coomera, Queensland, 4209, Australia",,,[],[],{},{},[]
160.com.au,https://www.160.com.au/,,,,,1800 671 823,"287 Sussex St, Sydney, New South Wales, 2000, Australia",,,[],[],{},{},[]
180 Electrical,http://180electrical.com.au/,,,,,497548412,"194 Monbulk Rd, Kallista, Victoria, 3791, Australia",,,[],[],{},{},[]
180 Waste Group,https://180wastegroup.com,,,,,01800 073 904,"4/55 Thurralilly St, Queanbeyan East, New South Wales, 2620, Australia",,,[],[],{},{},[]
1800 805 826,https://supex.com.au/,,,,,1800805826,"9 Lockyer St, Goulburn, New South Wales, 2580, Australia",,,[],[],{},{},[]
1800 Buggies,https://1800buggies.com.au/,,,,,1800 284 443,"30 Simcock St, Somerville, Victoria, 3912, Australia",,,[],[],{},{},[]
1800 FLOOD,https://1800flood.com.au/,,,,,1800 870 200,"Level 5/20 Bond St, Sydney, New South Wales, 2000, Australia",,,[],[],{},{},[]
1800 Move Cars,https://1800movecars.com.au/,,,,,1800 668 322,"10 Nestor Dr, Meadowbrook, Queensland, 4131, Australia",,,[],[],{},{},[]
1800 Removals,https://1800removals.com.au/,,,,,1800 736 682,"53 Enterprise Street, Cleveland, 4163,",,,[],[],{},{},[]
1800 We Store It,https://1800westoreit.com.au/,,,,,1800 937 867,"99B Fitzgerald Rd, Laverton North, Victoria, 3026, Australia",,,[],[],{},{},[]
1800 We Store It,https://1800westoreit.com.au/,,,,,1800 937 867,"99b Fitzgerald Road, Laverton North, VIC  3026,",,,[],[],{},{},[]
1800GetMaxi,https://www.1800getmaxi.com.au/,,,,,0433996300,"210 Kings Way, South Melbourne, Victoria, 3205, Australia",,,[],[],{},{},[]
181 Electrical,,,,,,1800000181,"23 Chippendale terrace, Burwood East, Victoria, 3151, 4003,",,,[],[],{},{},[]
1825 Interiors - Furniture Store Campbelltown,https://www.1825interiors.com.au/stores/campbelltown,,,,,(02) 4708 9700,"Ground floor, 8 Blaxland Road, Campbelltown, New South Wales, 2560, Australia",,,[],[],{},{},[]
1825 Interiors - Wetherill Park Warehouse & Head office,https://www.1825interiors.com.au/pages/contact,,,,,(02) 9616 6600,"29 Elizabeth St, Wetherill Park, New South Wales, 2164, Australia",,,[],[],{},{},[]
1907 Media,http://www.1907.com.au,,,,,00 0000 0000,"Level 32 200 George Street, Sydney, New South Wales, 2000, Australia",,,[],[],{},{},[]
1984 for 25 years,https://www.davidsautorepair.com.au/,,,,,0449163227,"Rennie StWetherill Park, New South Wales, 2164, Australia",,,[],[],{},{},[]
1A Marmorsteinteppich,https://www.1a-marmorsteinteppich.de,,,,,+49 157 30609536,"Markt 19, JD Swalmen ,Netherlands 6071, Germany",,,[],[],{},{},[]
1Drive School of Motoring,http://1driveschool.com.au/,,,,,0451 795 787,"Panania, New South Wales, 2213, Australia",,,[],[],{},{},[]
1nightfunonline,https://1nightfun.online/call-girls-in-islamabad/,,,,,03054111150,,,,[],[],{},{},[]
1Source,https://1source.global/,,,,,1300 148 455,"Suite 2 Level 4 309 George St, Sydney, New South Wales, 2000, Australia",,,[],[],{},{},[]
1st Carpet Repair Melbourne,https://1stcarpetcleaningmelbourne.com.au/carpet-repair-melbourne/,,,,,03 6364 2913,"230 King St, Melbourne, Victoria, 3000, Australia",,,[],[],{},{},[]
1st Choice High Pressure Cleaning,https://www.1stchoicehighpressure.com.au,,,,,0432680529,"126-128 Anne Collins Cres, Mundoolun, Queensland, 4285, Australia",,,[],[],{},{},[]
1st Choice Hot Water,https://1stchoicehotwater.com.au/,,,,,(07) 3423 3754,"12 13/15 Ellerslie Rd, Meadowbrook, Queensland, 4131, Australia",,,[],[],{},{},[]
"1st Choice Plumbing, Heating & Air Solutions",https://1stchoiceairsolutions.com,,,,,817-415-0865,"2851 Tinsley Ln, Fort Worth, Texas, 76179, United States",,,[],[],{},{},[]
1st Class Towing,https://www.1stclasstowing.com.au,,,,,02 9669 1616,"22 Ricketty St, Mascot, New South Wales, 2020, Australia",,,[],[],{},{},[]
1st Curtain Cleaning Melbourne,https://1stcarpetcleaningmelbourne.com.au/curtain-cleaning-melbourne/,,,,,03 6364 2913,"651 Bourke St, Melbourne, Victoria, 3000, Australia",,,[],[],{},{},[]
1st Energy,https://1stenergy.com.au/,,,,,+61 1300 426 594,"Level 4/459 Little Collins St, Melbourne VIC 3000, Australia,",,,[],[],{},{},[]
1st Hire Ltd,https://www.1sthire.com/,,,,,,"24 Rose Hill, Sutton, Sutton, SM13EU, United Kingdom",,,[],[],{},{},[]
1st Oklahoma Homes,https://www.okchomebuilder.com,,,,,(405) 701-5557,"2316 N Broadway Ave, Moore, Oklahoma, 73160, United States",,,[],[],{},{},[]
1st Skip,https://1stskip.com.au/,,,,,0401 209 714,"30A Gipps Street, Smithfield, New South Wales, 2164, Australia",,,[],[],{},{},[]
1st Tile and Grout Cleaning Melbourne,https://1stcarpetcleaningmelbourne.com.au/tile-and-grout-cleaning-melbourne/,,,,,,"241 State Route 60, Melbourne, Victoria, 3000, Australia",,,[],[],{},{},[]
1stCity Real Estate Minogue + Doak,https://www.1stcity.com.au/,,,,,(02) 9135 5315,"98 Holdsworth St, Woollahra, New South Wales, 2025, Australia",,,[],[],{},{},[]
1STRUCT,http://www.1struct.com.au/,,,,,07 3907 0050,"23 Alexandra Pl, Murarrie, Queensland, 4172, Australia",,,[],[],{},{},[]
1Touch Plumbing & Gas,https://www.1touchplumbing.com.au/,,,,,0459 997 743,"27 Sargeant St, Gulliver, Queensland, 4812, Australia",,,[],[],{},{},[]
2 Brothers Landscaping,https://www.2brotherslandscaping.com,,,,,+1 443-744-1295,"10 Beau Mondes Ct, Reisterstown, Maryland, 21136, United States",,,[],[],{},{},[]
2 Dam Creative,https://2damcreative.com,,,,,+61 3 7002 4292,"90 Maribyrnong St, Footscray VIC 3011, Australia,",,,[],[],{},{},[]
2 Easy Removals,https://www.2easyremovals.com.au,,,,,04 3459 3834,"61 Gordon Road East, Osborne Park, Western Australia, 6017, Australia",,,[],[],{},{},[]
2 Fixit - The Cobbler,http://go2fixit.com.au/,,,,,0481 463 292,"9/70 Brisbane Street, Launceston, 7250,",,,[],[],{},{},[]
2 Oceans Tackle,https://www.facebook.com/2oceanstackle/,,,,,,"14 Albert St, Busselton, Western Australia, 6280, Australia",,,[],[],{},{},[]
2.0 Coffee Co.,http://www.2point0coffee.com/,,,,,(02) 9361 5826,"80 Stanley St, Darlinghurst, New South Wales, 2010, Australia",,,[],[],{},{},[]
2&24U Accounting & Business Services,http://www.2and24U.com.au,,,,,0420977078,"12 Hinkler Street, Morayfield, Queensland, 4506, Australia",,,[],[],{},{},[]
20/20 Finance Brokers,https://www.2020homeloans.com.au/,,,,,,"10 Byron Ct, Kallangur, Queensland, 4503, Australia",,,[],[],{},{},[]
2012 Tattoo company,https://www.2012tattoocompany.com.au/,,,,,0249 434 333,"Ground Floor, Charlestown Square,30 Pearson St, Charlestown, New South Wales, 2290, Australia",,,[],[],{},{},[]
2020 Fire Protection,http://2020fireprotection.com.au/,,,,,+61 1300 340 210,"29/19 McCauley St, Matraville, New South Wales, 2036, Australia",,,[],[],{},{},[]
20PerFit,https://www.20perfit.com.au/,,,,,1300 202 073,"3 Victoria Rd, Parramatta, New South Wales, 2150, Australia",,,[],[],{},{},[]
212 Auto Garage,https://212auto.ae,,,,,971 501671734,"34 18b St - Al Quoz - Al Quoz Industrial Area 4, Dubai, United Arab Emirates",,,[],[],{},{},[]
215 Queen's Restaurant and Bar Melbourne,,,,,,+61 3 9112 5814,"215 Queen St, Melbourne, 3000,",,,[],[],{},{},[]
21grand Casino,https://www.21grandonlinecasino.com/,,,,,+61-686674967,"2 Burnside St, The Ponds, New South Wales, 2769, Australia",,,[],[],{},{},[]
21Twelve Interactive,https://www.21twelveinteractive.com/,,,,,+61 (07) 3040 1210,"Unit 8/18 Glena Street, Fairfield, QLD, AU, Fairfield, Queensland, 4103, Australia",,,[],[],{},{},[]
22 Yards,https://22yards.com.au/,,,,,468738422,"6/176 Elevation Bvd, Craigieburn, Victoria, 3064, Australia",,,[],[],{},{},[]
24 Hour Coin Laundromat,http://24hourlaundromatanddrycleaners.com/,,,,,416-398-1217,"802 Wilson Ave, North York, Ontario, M3K 1E5, Canada",,,[],[],{},{},[]
24 Hour Emergency Electrician Australia,https://www.24houremergencyelectricians.com.au/,,,,,,"Wishart, 4122,",,,[],[],{},{},[]
24 Hour Emergency Electrician Brisbane,https://24houremergencyelectricianbrisbane.com.au/,,,,,0428 158 086,"160A Arthur Terrace, Red Hill, Queensland, 4059, Australia",,,[],[],{},{},[]
24 Hour Emergency Plumber Australia,https://www.24houremergencyplumber.com.au/,,,,,0466 197 263,"407 Warrigal Rd, Eight Mile Plains, Queensland, 4113, Australia",,,[],[],{},{},[]
24 Hour Emergency Plumber Gold Coast,https://www.24houremergencyplumbergoldcoast.com.au/,,,,,0481 850 266,"Markeri St, Mermaid Beach, Queensland, 4218, Australia",,,[],[],{},{},[]
24 Hour Emergency Plumber Sunshine Coast,https://www.24houremergencyplumbersunshinecoast.com.au/,,,,,0481 850 266,"44 Brushbox Way, Peregian Springs, Queensland, 4573, Australia",,,[],[],{},{},[]
24 Hour Locksmith Weston FL,https://www.rocket-locksmith.com/,,,,,2392364779,"2153 baton rouge, Weston, 33326,",,,[],[],{},{},[]
24 Hour Tire Shop Los Angeles (310) 497-4295,https://24-hour-tire-shop.ueniweb.com/,,,,,310-497-4295,"18433 Collins Street, Los Angeles, California, 91356, United States",,,[],[],{},{},[]
24 Hours Emergency Plumber in Melbourne,http://ourlocalplumber.com.au/,,,,,399095307,"123 George St, Fitzroy, Victoria, 3065, Australia",,,[],[],{},{},[]
24 Hours Sydney,http://www.24hourssydney.com.au,,,,,00 0000 0000,"Level 10,86 Elizabeth Street, Sydney, New South Wales, 2000, Australia",,,[],[],{},{},[]
24 HR BONDSMAN,https://goo.gl/maps/RyCr6DBGcxzo3Rkc8,,,,,(561) 528-4023,"1122 S Congress Ave, West Palm Beach, Florida, 33406, United States",,,[],[],{},{},[]
24 Seven Emergency Plumbing,https://www.24sevenplumbing.com.au,,,,,1300 502 263,"PO Box 4110, Bexley North, New South Wales, 2207, Australia",,,[],[],{},{},[]
24/7 Emergency Electrician service in Adelaide - TA Electrical,http://www.taelectrical.com.au/,,,,,(08) 8243 1910,"26 South Terrace, Wingfield, South Australia, 5013, Australia",,,[],[],{},{},[]
24/7 FLOOD - WATER - MOULD - DAMAGE RESTORATION ADELAIDE,https://www.australianrestorationnetwork.com.au/contact-us/adelaide/,,,,,08 7081 6655,"60 Gouger St, Adelaide, South Australia, 5000, Australia",,,[],[],{},{},[]
24/7 Locksmith Service,https://7-days-locksmith.business.site,,,,,+61435902206,"11 Lambert Rd Caulfield North VIC 3161, Australia",,,[],[],{},{},[]
24/7 Speedy Locksmith Chicago,https://www.chilocksmith.com/,,,,,3122853790,"1000 w. Cullerton st, Chicago, Illinois, 60608, United States",,,[],[],{},{},[]
247 Digital,https://www.247digital.com.au/,,,,,(03) 86091078,"203-205 Blackburn Rd, Mount Waverley, Victoria, 3149, Australia",,,[],[],{},{},[]
247 Labs,https://247labs.com,,,,,+1 877-247-7421,"600 – 170 University Ave, Toronto, Ontario M5H 3B3, Canada, Canada",,,[],[],{},{},[]
247 Pest Control Brisbane,https://247pestcontrolbrisbane.com.au/,,,,,0730628254,"324 Queen St, Brisbane City, Queensland, 4000, Australia",,,[],[],{},{},[]
247 Pest Control Hobart,https://247pestcontrolhobart.com.au/,,,,,03 6351 9890,"77 Patrick St, Hobart, Tasmania, 7000, Australia",,,[],[],{},{},[]
247 Pest Control Perth,https://247pestcontrolperth.com.au/,,,,,08 6109 8161,"76 Newcastle St, Perth, Western Australia, 6000, Australia",,,[],[],{},{},[]
247 Possum Removal Adelaide,https://247possumremovaladelaide.com.au/,,,,,08 7184 5676,"12 Victoria Square, Adelaide, South Australia, 5000, Australia",,,[],[],{},{},[]
247 Possum Removal Hobart,https://247possumremovalhobart.com.au/,,,,,(08) 7184 0835,"111 Warwick St, West Hobart, Tasmania, 7000, Australia",,,[],[],{},{},[]
247 Possum Removal Perth,https://247possumremovalperth.com.au/,,,,,(08) 7184 0835,"178 St Georges Terrace, Perth, Western Australia, 6000, Australia",,,[],[],{},{},[]
247 Possum Removal Sydney,https://247possumremovalsydney.com.au/,,,,,08 7184 0835,"1 Bligh St, Sydney, New South Wales, 2000, Australia",,,[],[],{},{},[]
247 Rodent Control Melbourne,https://bit.ly/3r149r3,,,,,(08) 7184 0835,"425 Elizabeth Street, Melbourne, 3000,",,,[],[],{},{},[]
247 Rodent Control Sydney,https://247rodentcontrolsydney.com.au/,,,,,(08) 7184 0835,"189 Kent Street, Sydney, New South Wales, 2000, Australia",,,[],[],{},{},[]
247 Termite Inspection Brisbane,https://247termiteinspectionbrisbane.com.au/,,,,,07 3062 8593,"157 Ann St, Brisbane City, Queensland, 4000, Australia",,,[],[],{},{},[]
247 Termite Inspection Melbourne,https://247termiteinspectionmelbourne.com.au/,,,,,08 7184 0835,"459 Collins St, Melbourne, Victoria, 3000, Australia",,,[],[],{},{},[]
247 Termite Inspection Sydney,https://247termiteinspectionsydney.com.au/,,,,,0488 844 523,"264 George St, Sydney, New South Wales, 2000, Australia",,,[],[],{},{},[]
247bettingid,http://deltinroyale247.com/,,,,,,,,,[],[],{},{},[]
24Hour Melbourne Plumbers,https://24hourmelbourneplumbers.com.au/,,,,,1300 045 052,"Little Collins St, Melbourne, Victoria, 3000, Australia",,,[],[],{},{},[]
24Hours Melbourne Plumber,http://24hourmelbourneplumbers.com.au,,,,,0403 617 631,"96 Sarissa st, Lalor, Victoria, 3075, Australia",,,[],[],{},{},[]
24HrDoc,https://www.24hrdoc.com/,,,,,08662034555,"3050 Post Oak Blvd, Houston, TX 77056, Houston,",,,[],[],{},{},[]
24MelbourneTaxi,http://www.24melbournetaxi.com.au/,,,,,61401872900,"77 Pecks Rd, SydenhamSydenham, Victoria, 3037, Australia",,,[],[],{},{},[]
24X7 Assignment Help,https://www.24x7assignmenthelp.com/australia/,,,,,+61-280-07-5697,"Melbourne, Victoria, 3000, Australia",,,[],[],{},{},[]
24x7 Dental Suite,https://www.24x7dentalsuite.com.au/,,,,,02 88092221,"14 Hereward Hwy, Blacktown, New South Wales, 2148, Australia",,,[],[],{},{},[]
24x7 Dental Suite,https://www.24x7dentalsuite.com.au,,,,,02 88092221,"14 Hereward Hwy, Blacktown, New South Wales, 2148, Australia",,,[],[],{},{},[]
24x7 Limo,http://www.24x7limo.ca/,,,,,604-996-6328,"14178-64 a Ave, Surrey, British Columbia, V3S, Canada",,,[],[],{},{},[]
24X7assignmenthelp,https://www.24x7assignmenthelp.com/,,,,,5855351023,"1025 N Iva Rd, Hemlock, Michigan, 48626, United States",,,[],[],{},{},[]
