Company,Website,Industry,Employees,Annual revenue,Total funding,Company phone,Company Address,Company country,Company founded date,Alter names,Managers,Addtional Contact Info,Company Social Urls,Category
Client Connections,http://www.clientconnections.com.au/,,,,,0406705550,"Temora, New South Wales, 2666, Australia",,,[],[],{},"{'facebook': 'https://www.facebook.com/ClientConnectionsAustralia/?ref=aymt_homepage_panel', 'twitter': 'https://twitter.com/ClientConnectio', 'linkedin': 'https://www.linkedin.com/in/salcarrero/'}",[]
Kazoik,https://www.kazoik.com,,,,,+61 481 192 068,"Bondi Junction, New South Wales, 2022, Australia",,,[],[],{},"{'facebook': 'https://www.facebook.com/kazoik', 'twitter': 'https://www.twitter.com/kazoik', 'linkedin': 'https://www.linkedin.com/company/kazoik/', 'youtube': 'https://www.youtube.com/channel/UC5WXE4Ejcb_URGaM3c_Af2g?view_as=subscriber', 'instagram': 'https://www.instagram.com/kazoikit'}",[]
RSM Australia,https://www.rsm.global/australia/,,,,,+61 (0) 2 8226 4500,,,,[],[],{},"{'facebook': 'https://www.facebook.com/RSMAustralia.au/', 'twitter': 'https://twitter.com/rsm_au', 'linkedin': 'https://www.linkedin.com/company/rsm-australia/', 'youtube': 'https://www.youtube.com/channel/UCgrHfT_epbTAaC55alX2Hzg', 'instagram': 'https://www.instagram.com/rsm_au/'}",[]
RSM Australia,https://www.rsm.global/australia/offices/perth,,,,,+61 8 9261 9100,"2 The Esplanade, 2 The EsplanadePerth, Western Australia, 6000, Australia",,,[],[],{},"{'facebook': 'https://www.facebook.com/RSMAustralia.au/', 'twitter': 'https://twitter.com/RSM_au?ref_src=twsrc^google|twcamp^serp|twgr^author', 'linkedin': 'https://au.linkedin.com/company/rsm-australia', 'googleplus': 'https://plus.google.com/+RSMinAustralia', 'instagram': 'https://www.instagram.com/rsm_au/', 'blog': 'https://www.rsm.global/australia/insights/business-insights'}",[]
RSM Australia,https://www.rsm.global/australia/offices/canberra,,,,,262170300,"Equinox Building 4, Level 2, 70 Kent St, 70 Kent StreetDeakin, 2600,",,,[],[],{},"{'facebook': 'https://www.facebook.com/RSMCanberra/', 'twitter': 'https://twitter.com/RSM_au?ref_src=twsrc^google|twcamp^serp|twgr^author', 'linkedin': 'https://au.linkedin.com/company/rsm-australia', 'googleplus': 'https://plus.google.com/+RSMinAustralia', 'instagram': 'https://www.instagram.com/rsm_au/', 'blog': 'https://www.rsm.global/australia/insights/business-insights'}",[]
RSM Australia,https://www.rsm.global/australia/offices/adelaide,,,,,+61 8 8232 3000,"191 Pulteney St, Adelaide, South Australia, 5000, Australia",,,[],[],{},"{'facebook': 'https://www.facebook.com/RSMAdelaide/', 'twitter': 'https://twitter.com/RSM_au?ref_src=twsrc^google|twcamp^serp|twgr^author', 'linkedin': 'https://au.linkedin.com/company/rsm-australia', 'googleplus': 'https://plus.google.com/+RSMinAustralia', 'instagram': 'https://www.instagram.com/rsm_au/', 'blog': 'https://www.rsm.global/australia/insights/business-insights'}",[]
The Collaborative Group,https://www.thecollaborativegroup.com.au/,,,,,0412 203 226,,,,[],[],{},{},[]
About Today,https://abouttoday.com.au,,,,,0448226212,"4-6 Gold StCollingwood, Victoria, 3066, Australia",,,[],[],{},"{'facebook': 'http://www.facebook.com/abouttoday', 'linkedin': 'http://www.linkedin.com/in/_abouttoday', 'instagram': 'http://www.instagram.com/about_today_melbourne'}",[]
Active Legal,http://www.activelegal.com.au,,,,,02 9909 1892,"Neutral Bay, New South Wales, 2089, Australia",,,[],[],{},{'linkedin': 'http://www.linkedin.com/in/fionatouhill'},[]
Adaptify,http://www.adaptify.com.au,,,,,1300 423 566,"30-40 Flockhart St, Abbotsford, Victoria, 3067, Australia",,,[],[],{},"{'facebook': 'https://www.facebook.com/adaptifydigital/', 'linkedin': 'https://www.linkedin.com/company/adaptifydigital/', 'googleplus': 'https://plus.google.com/+BelongdigitalAu', 'youtube': 'https://www.youtube.com/channel/UCVV6jh1WyNCefX5sdnawAZQ'}",[]
AFD Loans Pty Ltd,http://www.afdloans.com.au,,,,,0455 071 444,"454 Lake Road, ARGENTON, New South Wales, 2284, Australia",,,[],[],{},{},[]
Gagement,https://gagement.com.au/,,,,,1300851046,"PO Box 189, Bulleen, 3105,",,,[],[],{},{},[]
Arthur Murray Crows Nest,https://www.arthurmurraycrowsnest.com.au/,,,,,61294392061,"12 Clarke St, Crows Nest, New South Wales, 2065, Australia",,,[],[],{},"{'facebook': 'https://www.facebook.com/arthurmurraycrowsnest/', 'youtube': 'https://www.youtube.com/@arthurmurraycrowsnest', 'instagram': 'https://instagram.com/arthurmurraycrowsnest'}",[]
AVT Services Pty Ltd,http://www.avtservices.com.au,,,,,296746711,"16/35 Foundry Road, Seven Hills, 2147,",,,[],[],{},{},[]
Beckon Capital,,,,,,0409881910,"45 George Street, Redfern, 2016,",,,[],[],{},{},[]
Bowral Street Dental Practice,https://bowralstreetdentalpractice.com.au/,,,,,(02) 4861 6576,"88 Bowral St, Bowral, New South Wales, 2576, Australia",,,[],[],{},"{'facebook': 'https://www.facebook.com/DRRAJTOMAR/', 'youtube': 'https://www.youtube.com/watch?v=WNfuj8W-ltg', 'instagram': 'https://www.instagram.com/bowral_street_dental_practice/'}",[]
Care Managed IT,http://www.caremit.com.au,,,,,0262577792,"Unit 3, 116-118 Wollongong StFyshwick, Australian Capital Territory, 2609, Australia",,,[],[],{},{'linkedin': 'https://www.linkedin.com/company/caremit/'},[]
Collins SBA,https://www.collinssba.com.au/,,,,,+61419513805,"29 Murray St, Hobart, Tasmania, 7000, Australia",,,[],[],{},{'linkedin': 'https://www.linkedin.com/in/michaeldeneheybusinessadviser/'},[]
Cornerstone Business Sales & Valuations pty Ltd,https://csbb.com.au/,,,,,0411 590115,"Po Box Level 4, 29 Kiora Road, Miranda, NSW, 2228,",,,[],[],{},"{'facebook': 'https://www.facebook.com/CornerstoneBSV', 'linkedin': 'https://www.linkedin.com/in/stephen-wray-99215812/'}",[]
Cresteum,http://www.cresteum.com,,,,,0405525048,"330 Collin Street, Melbourne, 3000,",,,[],[],{},"{'facebook': 'https://www.facebook.com/Cresteum-103758515362850/', 'linkedin': 'https://www.linkedin.com/company/cresteum/'}",[]
E-Web Marketing,http://www.ewebmarketing.com.au/,,,,,1300 785 122,"1 Railway St, Chatswood, New South Wales, 2067, Australia",,,[],[],{},{},[]
Employsure,https://employsure.com.au/,,,,,1300 651 415,"6/180 Thomas St, Sydney, New South Wales, 2000, Australia",,,[],[],{},"{'facebook': 'https://www.facebook.com/employsure.com.au', 'twitter': 'https://twitter.com/employsure', 'linkedin': 'https://www.linkedin.com/company/employsure/', 'instagram': 'https://www.instagram.com/thisisemploysure/'}",[]
Eze Videos Marketing,http://www.ezevideos.com/,,,,,0406 705 550,"101 Gloucester St, Temora, New South Wales, 2666, Australia",,,[],[],{},"{'facebook': 'https://www.facebook.com/EZEVideos-2040555932847271/', 'youtube': 'https://www.youtube.com/channel/UCgzSx2hlk7uyg7PTy6uQRIQ/videos?view_as=subscriber'}",[]
Hard Bakka Rigging Pty Ltd,https://www.hardbakkarigging.com.au/,,,,,(02) 9796 7888,"7-9 Seville St, Fairfield East, New South Wales, 2165, Australia",,,[],[],{},"{'facebook': 'https://www.facebook.com/hard.bakka.rigging/', 'twitter': 'https://twitter.com/SteelRigging', 'linkedin': 'https://www.linkedin.com/in/hardbakka-steelrigging-99a7b6208/', 'instagram': 'https://www.instagram.com/hardbakkarigging/'}",[]
I Love SMSF,http://www.ilovesmsf.com,,,,,07 3303 0160,"10 Eagle St, Brisbane City, Queensland, 4000, Australia",,,[],[],{},"{'facebook': 'https://www.facebook.com/IloveSMSF', 'twitter': 'https://twitter.com/grantabbott', 'linkedin': 'https://www.linkedin.com/in/grant-abbott-australia', 'youtube': 'https://www.youtube.com/user/SMSFstrategiesTV', 'blog': 'https://smsfbuddha.wordpress.com/'}",[]
Impressive Wardrobes,https://www.impressivewardrobes.com.au/,,,,,(02) 9796 1022,"54 Canterbury Rd, Bankstown, New South Wales, 2200, Australia",,,[],[],{},"{'facebook': 'https://www.facebook.com/impressivewardrobes', 'linkedin': 'https://www.linkedin.com/company/impressive-built-in-wardrobes-pty-ltd/about/', 'instagram': 'https://www.instagram.com/impressive.wardrobes/'}",[]
Keystone Consulting Group,https://www.keystonecoaching.online/,,,,,0431055949,"7 Kudgee Street, 7 Kudgee StreetThe Ponds, 2769,",,,[],[],{},{},[]
Leap into Literacy,http://www.leapintoliteracy.com.au,,,,,0420734720,"6/171 Victoria Road, Drummoyne, 2047,",,,[],[],{},"{'facebook': 'http://www.facebook.com/leapintoliteracy.com.au', 'linkedin': 'http://www.linkedin.com/in/allison_greenland', 'instagram': 'http://www.instagram.com/leapin2literacy'}",[]
Lite Corp,https://litecorp.com.au/,,,,,1300 955 002,"4 Pinta St, Wallerawang, New South Wales, 2845, Australia",,,[],[],{},"{'facebook': 'https://www.facebook.com/litecorpau/', 'twitter': 'https://twitter.com/litecorp_au/', 'linkedin': 'https://au.linkedin.com/company/litecorpau', 'instagram': 'https://www.instagram.com/litegroup_au/'}",[]
Maggs Reid Stewart,https://www.mrsaccountants.com.au/,,,,,0398997511,"Suite 4, 651 Canterbury RoadSurrey Hills, 3127,",,,[],[],{},{},[]
Mazars in Australia,https://www.mazars.com.au,,,,,,"307 Queen St, Brisbane City, Queensland, 4000, Australia",,,[],[],{},"{'facebook': 'https://www.facebook.com/MazarsInAustralia/', 'twitter': 'https://twitter.com/Mazars_AUS', 'linkedin': 'https://www.linkedin.com/company/mazars-in-australia/', 'youtube': 'https://www.youtube.com/channel/UCROcLhrNWd-VGVGws5cDj6g?view_as=subscriber'}",[]
Medifit Design & Construct,https://medifit.com.au/,,,,,1300 728 133,"131 Summers St, Perth, Western Australia, 6000, Australia",,,[],[],{},"{'facebook': 'https://www.facebook.com/medifit.design.construct/', 'linkedin': 'https://www.linkedin.com/company/medifit_au/', 'youtube': 'https://www.youtube.com/channel/UCmGhErLQno_t0exASVJK_Eg', 'instagram': 'https://www.instagram.com/medifit_au/'}",[]
Meriton,http://www.meriton.com.au/,,,,,,"528 Kent St, Sydney, New South Wales, 2017, Australia",,,[],[],{},"{'facebook': 'https://www.facebook.com/MeritonGroup', 'twitter': 'https://twitter.com/MeritonGroup', 'linkedin': 'https://www.linkedin.com/company/meriton-group', 'youtube': 'https://www.youtube.com/user/MeritonApartments'}",[]
Mona Vale Dental,https://www.monavaledental.com.au/,,,,,02 9997 1100,"8-10 Waratah St, Mona Vale, New South Wales, 2103, Australia",,,[],[],{},{'facebook': 'https://www.facebook.com/Mona-Vale-Dental-528602223883675/'},[]
