Company,Website,Industry,Employees,Annual revenue,Total funding,Company phone,Company Address,Company country,Company founded date,Alter names,Managers,Addtional Contact Info,Company Social Urls,Category
Deshi Driving School,https://www.deshidrivingschool.com,,,,,(212) 961-6258,"40-45 75th St, Queens, New York, 11373, United States",,,[],[],{},{},[]
Just Water Proofing PTY LTD,https://www.justwaterproofing.com.au/,,,,,1800 152 172,"Illawong, Illawong, 2234,",,,[],[],{},{},[]
East West Design,https://www.iconwalls.sydney/,,,,,893363944,"Cnr Five Islands Rd &amp; Darcy Rd, Port Kembla, 2505,",,,[],[],{},{},[]
24x7 Limo,http://www.24x7limo.ca/,,,,,604-996-6328,"14178-64 a Ave, Surrey, British Columbia, V3S, Canada",,,[],[],{},{},[]
Be Pest Free Cheap Pest Control Melbourne,http://bepestfree.com.au/pest-control-melbourne,,,,,,"17 Market Ln, Melbourne, Victoria, 3000, Australia",,,[],[],{},{},[]
Melbourne Mobile Auto Air,https://www.melbournemobileautoair.com.au/,,,,,(03) 9329 6299,"653 Spencer St, West Melbourne, Victoria, 3003, Australia",,,[],[],{},{},[]
Aguiar,http://www.aaeh.com.au/,,,,,0424 507 223,"1445 MT Cotton Road, Burbank, Queensland, 4156, Australia",,,[],[],{},{},[]
Allstaff Training Consultants,https://www.allstafftraining.net.au,,,,,08 8212 1766,"5 Leigh St, Adelaide, South Australia, 5000, Australia",,,[],[],{},{},[]
Away Today Rubbish Removal Sydney,https://www.awaytodayrubbishremoval.com.au/,,,,,0491 181 130,"LEVEL 14/264-278 George Street, Sydney, New South Wales, 2000, Australia",,,[],[],{},{},[]
B3 Massage and Movement,https://www.b3massageandmovement.com.au/,,,,,0433 683 338,"Level 5, Suite 509/38 Gawler Pl, Adelaide, South Australia, 5000, Australia",,,[],[],{},{},[]
Block chain Australia,http://blockchainaustralia.com.au,,,,,1300305619,"Suite 7/19-23 Hoddle St Richmond, Richmond, Victoria, 3121, Australia",,,[],[],{},{},[]
cad drafting services,https://caddraftingservices.com.au/,,,,,61 3 9113 9408,"62/135 Cardigan St, Carlton Vic 3053, Carlton, 3053,",,,[],[],{},{},[]
Campbelltown Landscaping,https://www.campbelltownlandscaping.com.au/,,,,,0480018944,"42 Wiregrass Ave., Denham Court, New South Wales, 2565, Australia",,,[],[],{},{},[]
Carasel Towbars Pty Ltd,http://www.carasel.com.au/,,,,,02 9620 8080,"51 Powers Rd, Seven Hills, New South Wales, 2147, Australia",,,[],[],{},{},[]
Catering and Events,https://bellacatering.com.au/,,,,,1300 760 903,"6 Lambs Road, , NSW 2064, Australia, Artarmon, New South Wales, 2064, Australia",,,[],[],{},{},[]
Core Carbon Rings,,,,,,321-482-3217,"1050 S US Highway 1 Suite 23, Malabar, New South Wales, 32950, Australia",,,[],[],{},{},[]
Custom Irons,https://customirons.net/,,,,,+61430380200,"1934 Gold Coast Hwy, Miami, Queensland, 4220, Australia",,,[],[],{},{},[]
Dentist Ballarat | Delacombe Family Dental,https://www.delacombefamilydental.com.au/,,,,,+61353127815,"29/315 Glenelg Hwy,, AustraliaSmythes Creek, Victoria, 3351, Australia",,,[],[],{},{},[]
Dez Removals,http://dezremovals.com,,,,,427 226 558,"7 Lauriston Ct, Mulgrave, Victoria, 3170, Australia",,,[],[],{},{},[]
Eagle Eyes Security Systems,http://eagleeyessecuritysystems.com.au/,,,,,0451 933 221,"709 Princes Hwy, Tempe, New South Wales, 2044, Australia",,,[],[],{},{},[]
Ezy Cash for Cars,https://ezycashforcars.com.au/,,,,,,"13 Grand Ave, Camellia, New South Wales, 2142, Australia",,,[],[],{},{},[]
First  Personnel,https://firstpersonnel.com.au/,,,,,(03)50020030,"10A Darryl St, Scoresby, Victoria, 3179, Australia",,,[],[],{},{},[]
G & C Auto Electrics,https://www.gcautoelectrics.com.au,,,,,0246559654,"16 Cawdor Road, Camden, New South Wales, 2570, Australia",,,[],[],{},{},[]
GENT Industries Ptv Ltd,https://gentindustries.com.au/,,,,,(02) 4777 5026,"686 The Northern Rd, Sydney, New South Wales, 2747, Australia",,,[],[],{},{},[]
Good Flight Sleep,https://www.goodflightsleep.com.au/,,,,,,"328 Albany Hwy, Victoria Park, Western Australia, 6100, Australia",,,[],[],{},{},[]
Happy Days HouseBoats,https://www.happydayshouseboats.com.au,,,,,0418804558,"Murray River, Renmark, South Australia, 5341, Australia",,,[],[],{},{},[]
ISA Migrations & Education Consultants,https://www.isamigrations.com/australia,,,,,+61 8 6117 0917,"309 Hay Street, East Perth, WA 6004 Australia, 309 Hay Street, East Perth, WA 6004 AustraliaPerth, 6004,",,,[],[],{},{},[]
Leather Sofa Cleaning Perth,http://couchcleaningperth.com.au/leather-sofa-cleaning-perth/,,,,,,"Perth, Western Australia, 6000, Australia",,,[],[],{},{},[]
Local Tile And grout Cleaning,https://shinecleaningservices.com.au/tile-and-grout-cleaning-melbourne,,,,,,"Melbourne, Victoria, 3000, Australia",,,[],[],{},{},[]
Marks Pest Control Menai,https://www.markspestcontrol.com.au/pest-control-menai-central/,,,,,,"Menai, New South Wales, 2234, Australia",,,[],[],{},{},[]
Mattress Cleaning Perth,http://squeakycleanmattress.net.au/mattress-cleaning-perth,,,,,1300362217,"Perth, WA, 6000, Australia, Perth, Western Australia, 6000, Australia",,,[],[],{},{},[]
Mindful Mum - Baby Sleep Consultant,https://mindfulmum.com.au/,,,,,0400 476 776,"Jaques Ave, Bondi Beach, New South Wales, 2026, Australia",,,[],[],{},{},[]
movers who cares,https://bestmoversperth.com.au/,,,,,1800-849-008,"Perth, Western Australia, 6000, Australia",,,[],[],{},{},[]
Optimal Virtual Employee,https://www.optimalvirtualemployee.com/,,,,,03 9988 6017,"15 Little Collins St, Melbourne, Victoria, 3000, Australia",,,[],[],{},{},[]
OTB Products Pty Ltd | 1300 310 210,http://otbproducts.com.au/,,,,,1300 310 210,"Unit 32, 30 Mudgeeraba Road, Mudgeeraba, Queensland, 4213, Australia",,,[],[],{},{},[]
PADinspections,https://www.padinspections.com.au/,,,,,04 1515 6944,"PO Box 65 Altona VIC 3018 Australia, Altona, Victoria, 3018, Australia",,,[],[],{},{},[]
Perry & Oster  Funerals,https://perryandosterfunerals.com/,,,,,(07) 5445 3490,"2/19 Endeavour Drv, Kunda Park, Queensland, 4556, Australia",,,[],[],{},{},[]
Port Melbourne Locksmiths,http://www.portmelbournelocksmiths.com.au,,,,,1300 764 937,"Unit 13/9 Rocklea Drive, , Vic 3207, Port Melbourne, Victoria, Australia",,,[],[],{},{},[]
Premium Home,https://premiumhome.com.au/verandahs-adelaide/,,,,,882685144,"78 North Terrace, Kent Town, South Australia, 5067, Australia",,,[],[],{},{},[]
ProTech Powdercoaters,https://protechpowdercoaters.com.au/,,,,,894933654,"Unit 2 / Rear 11 Church Rd., Maddington, Western Australia, 6109, Australia",,,[],[],{},{},[]
Redcliffe Removals,http://redclifferemovals.com.au/furniture-removals-brisbane/,,,,,,"6 Outlook Crt, Kallangur, Queensland, 4503, Australia",,,[],[],{},{},[]
"Result laser - Laser hair Removal , Skin care & Cosmetic Clinic",http://resultslaserclinic.com.au,,,,,(02) 9687 0300,"Unit 8, 142 James Ruse Drive, ParramattaSydney, 2150,",,,[],[],{},{},[]
Silk Laser Clinics,http://www.silklaser.com.au/,,,,,(08) 8272 7828,"177 King William Road,, Hyde Park, 5061,",,,[],[],{},{},[]
Smart Business Insurance Pty Ltd.,https://www.smartbusinessinsurance.com.au/,,,,,1300 542 573,"484 St Kilda Rd, Melbourne, Victoria, 3004, Australia",,,[],[],{},{},[]
South QLD Restoration,https://www.southqldrestoration.com.au,,,,,1300762021,"14 Woodview Court, Jimboomba, Queensland, 4280, Australia",,,[],[],{},{},[]
SteelChief Industries PTY LTD,https://www.steelchief.com.au/,,,,,1300 887 852,"23 Ring Rd, Alfredton, Victoria, 3350, Australia",,,[],[],{},{},[]
The Authentic Age Pty Ltd - Restoration Advice,https://www.authenticage.com.au/,,,,,(03) 9818 4324,"PO Box 5030 Hawthorn VIC 3122, Australia, Hawthorn, 3122,",,,[],[],{},{},[]
Upholstery Cleaning Canberra,http://mychoicecleaning.com.au/upholstery-cleaning-canberra,,,,,,"Canberra, Australian Capital Territory, 2601, Australia",,,[],[],{},{},[]
UPTIMES,https://uptimes.com.au/,,,,,1300 846 021,"16 McDougall St, Milton, Queensland, 4064, Australia",,,[],[],{},{},[]
Warrina Designs,https://warrinadesigns.com/,,,,,03 - 9417 0052,"136 Cromwell St, Collingwood, Victoria, 3066, Australia",,,[],[],{},{},[]
Window Cleaners Sydney,http://www.prowindowcleaningservices.com.au/about.php,,,,,0414 168 080,"187A Old Kent Rd, Greenacre, 2190,",,,[],[],{},{},[]
`EMS Oceania,https://professional.airflowdentalspa.com.au/resources/powders/,,,,,0293134392,"Suite 3, Shed 73, 4E Huntley Street Sydney, NSW, 2015,  Australia,",,,[],[],{},{},[]
"""Melbourne Housekeepers""",http://melbournehousekeepers.com.au/,,,,,038 820 5448,"326-334 Little Bourke St, Melbourne, Victoria, 3000, Australia",,,[],[],{},{},[]
(727) 310-0956,https://apluscablerunners.com/,,,,,00,"18 Manchester Ln, Melbourne, Victoria, 33710, Australia",,,[],[],{},{},[]
&Solved,http://www.andsolved.com.au/,,,,,07 3228 2260,"Level 1, 165 Melbourne Street, South Brisbane, Queensland, 4101, Australia",,,[],[],{},{},[]
#thePOSITIVE Digital Business Agency,https://thepositive.com.au/,,,,,+61863836519,"U3/216 Belmont Ave, Kewdale, WA, 6105, AUS,",,,[],[],{},{},[]
+61 458460999,https://nativesstoneandwood.com.au/,,,,,+61 458460999,"8 Leggetts Loop, Kin Kin, QLD 4571,",,,[],[],{},{},[]
000 Plumbing Services Australia Pty Ltd,https://www.000plumbing.com/,,,,,,"25 Copland St, Kooringal, New South Wales, 2650, Australia",,,[],[],{},{},[]
02 4062 9456,https://plumberscoogee.com.au/,,,,,0240629456,"CoogeeCoogee, New South Wales, 2034, Australia",,,[],[],{},{},[]
048 Plumber,https://048plumber.com.au/,,,,,1300048048,"73 Helmsman Blvd, Saint Huberts Island, New South Wales, 2257, Australia",,,[],[],{},{},[]
04POWER100 Car & Truck Battery Specialists,,,,,,0476937100,"556 Geelong Rd, Brooklyn, Victoria, 3012, Australia",,,[],[],{},{},[]
1 DAY Hardwood Floor Refinishing in Melbourne,https://1dayrefinishing.com/near-me/australia/hardwood-floor-refinishing-melbourne/,,,,,+61 3 9089 2317,"Melbourne, Victoria, 3051, Australia",,,[],[],{},{},[]
1 Edge,https://1edge.online,,,,,,"Serving, Macleod, Victoria, 3085, Australia",,,[],[],{},{},[]
1 Fire Services Pty Ltd,https://www.1fire.com.au/,,,,,02 9482 9879,"Unit 8, 6 Gladstone Road, Castle Hill, New South Wales, 2154, Australia",,,[],[],{},{},[]
1 Group Property Advisory,https://www.1group.com.au/,,,,,1300 788 368,"2 Yarra St, South Melbourne, Victoria, 3205, Australia",,,[],[],{},{},[]
1 Key Locksmiths,http://1keylocksmiths.com.au,,,,,+61 0411728419,"129-131 Cranbourne Road, Narre Warren South, Victoria, 3805, Australia",,,[],[],{},{},[]
1 Minute Media,https://www.1minutemedia.com.au/,,,,,1300 905 205,"25, 88 Phillip St, Sydney, 2000,",,,[],[],{},{},[]
1 Stop Pizza & Kebabs,https://1stoppizzaandkebab.com.au,,,,,07 3209 3311,"3/254 Kingston Rd, Slacks Creek, Queensland, 4127, Australia",,,[],[],{},{},[]
1-800-HURT-511,https://hurt511.com/,,,,,18004878511,"2932 Wilkinson Ave, Bronx, 10461,",,,[],[],{},{},[]
"1/30 Tower Court, Noble Park, VIC 3174",https://mifone.com.au/,,,,,+61390052010,"30 Tower Ct, Noble Park, Victoria, 3174, Australia",,,[],[],{},{},[]
10 Wellington Parade,https://em3002.com.au/,,,,,0499 866 399,"10 Wellington Parade, East Melbourne, Victoria, 3002, Australia",,,[],[],{},{},[]
100 King William Street,https://www.100kws.com.au/,,,,,(03) 9914 2214,"100 King William St, Adelaide, South Australia, 5000, Australia",,,[],[],{},{},[]
101 Hair and Skin Care Pty Ltd,https://www.101.com.au/,,,,,1800 001 101 | (03) 9568 0791 | (03) 9578 7788,"51 Murrumbeena Road, Murrumbeena Victoria 3163Murrumbeena, Victoria, 3163, Australia",,,[],[],{},{},[]
1014 West Ryde Massage,https://www.1014westrydemassage.com.au,,,,,(02) 9874 0925,"1014 Victoria Road, West Ryde, New South Wales, 2114, Australia",,,[],[],{},{},[]
1060 Grand Corp,http://1060qrandcorp.com,,,,,952 209 2870,"5275 Edina industrial Blvd Ste 207 #105 Edina,MN 55439,",,,[],[],{},{},[]
11 Recruitment,https://11recruitment.com.au/,,,,,(08) 9225 6211,"82 Royal St, East Perth, Western Australia, 6004, Australia",,,[],[],{},{},[]
12 Volt Customs,https://www.12voltcustoms.com.au/,,,,,03 8339 2233,"4 Metrolink Cct, Somerton, Victoria, 3062, Australia",,,[],[],{},{},[]
121 Air Sea Cargo Ltd,https://www.121airseacargo.com/,,,,,02083131777,"18-24 Brighton Rd, Croydon , Surrey , CR2 6AASouth Croydon, England, CR2 6AA, United Kingdom",,,[],[],{},{},[]
121 Group,https://121group.io/,,,,,1300 121 979,"222 Exhibition St, Melbourne, Victoria, 3000, Australia",,,[],[],{},{},[]
123 Go Driving School,https://www.123godrivingschool.ca/,,,,,,"Academy La, Donnybrook, 3064,",,,[],[],{},{},[]
123 Nourish Me,https://123nourishme.com.au/,,,,,,"9 Yarra Street, South Melbourne, Victoria, 3025, Australia",,,[],[],{},{},[]
123.hp.com/setup,https://123hpmart.com/,,,,,,"435 E Trade St, Charlotte, NC, 28202,",,,[],[],{},{},[]
123.hp.com/setup,https://123hpsetup.directory2021.com/,,,,,,"Despard St, Hobart, Tasmania, 7000, Australia",,,[],[],{},{},[]
123Bride Ltd.,https://www.123bride.co.uk,,,,,+44 7540521826,"Unit 2 Oyo Business Industrial Estate Weyhill Andover Hampshire Sp117ll,",,,[],[],{},{},[]
123inkjets,https://www.123inkjets.com.au/,,,,,,"18 Wurrook Circuit, Caringbah, New South Wales, 2229, Australia",,,[],[],{},{},[]
13 Airport Transfers,https://13airporttransfer.au/,,,,,0460306061,"Melbourne, Victoria, 3000, Australia",,,[],[],{},{},[]
13 Best Restaurants In Melbourne You Have To Try,https://www.iloveaussie.com/best-restaurants-melbourne/,,,,,,"Melbourne, Victoria, 3000, Australia",,,[],[],{},{},[]
13 Book Cabs - Frankston Taxi,https://www.13bookcab.com.au/about-us.html,,,,,0403331292,"Frankston, Victoria, 3199, Australia",,,[],[],{},{},[]
13 IT,https://www.13it.com.au/TVs/,,,,,03 8529 2833,"1 Clay Ct, Thomastown, Victoria, 3074, Australia",,,[],[],{},{},[]
13 Melbourne Cabs,https://13melbournecab.net.au,,,,,0359303385,"Melbourne VIC, Australia, Melbourne,",,,[],[],{},{},[]
13 Silver Taxi,https://www.13silvertaxi.melbourne/,,,,,,"Melbourne, Victoria, Australia",,,[],[],{},{},[]
1300 475 862,https://www.bookaplumberonline.com.au/plumber-melbourne/,,,,,1300 475 862,"Melbourne, VIC 3000,",,,[],[],{},{},[]
1300 Easy Dial,https://1300easydial.com.au/,,,,,+61 1300 327 934,"19 Lindaway Pl, Tullamarine, Victoria, 3043, Australia",,,[],[],{},{},[]
1300 taxis,https://book1300taxis.com.au/,,,,,1300592792,"Officer, Victoria, 3809, Australia",,,[],[],{},{},[]
13001Comms,https://www.13001comms.com.au/,,,,,1300 126 667,"PO Box 5759, Manly, Queensland, 4179, Australia",,,[],[],{},{},[]
1300Inflate,https://www.1300inflate.com.au/,,,,,61414795889,"27 Woodlands Drive, Braeside, Victoria 3195, Braeside, Victoria, 3195, Australia",,,[],[],{},{},[]
1300SMILES Dentists,https://www.1300smiles.com.au/,,,,,1300 764 537,"Adelaide, South Australia, 5000, Australia",,,[],[],{},{},[]
13maxi,https://13maxi.com/airport.html,,,,,,Australia,,,[],[],{},{},[]
13taxico,https://13taxico.com/airport-transfer-service/,,,,,,"Melbourne, Victoria, 3000, Australia",,,[],[],{},{},[]
13th Beach Health Services,https://www.13thbeachhealthservices.com.au/,,,,,(03) 5254 2668,"Suite 1b 74 The Avenue, Ocean Grove, Victoria, 3226, Australia",,,[],[],{},{},[]
1480-2481664,https://www.samisangelsaba.com/,,,,,1480-2481664,"East Valley of Phoenix, AZ , Gilbert, AZ, United States, Arizona, Gilbert, Arizona, United States",,,[],[],{},{},[]
180 Brisbane,https://www.180brisbane.com.au/,,,,,,"Brisbane, Queensland, Australia",,,[],[],{},{},[]
180 Nutrition,https://180nutrition.com.au/,,,,,0280919045,"17 Coachwood Cl, Byron Bay, New South Wales, 2481, Australia",,,[],[],{},{},[]
1800 800 888,https://www.bloggershub.com.au/,,,,,1800 800 888,"65 Buntine Hwy, Kalkarindji, Northern Territory, 0852, Australia",,,[],[],{},{},[]
1800 Ausjunk,https://ausjunk.com.au/,,,,,1800 287 586,"6 Leonard Street, Deepdene, Victoria, 3103, Australia",,,[],[],{},{},[]
1800 Drivers,http://www.drivers.com.au/,,,,,61 737230999,"2960 Logan Rd, Underwood, Queensland, 4119, Australia",,,[],[],{},{},[]
1800 Limo City,https://www.1800limocity.com.au/,,,,,+61412415090,"19/206-212 Governor Rd,, Braeside, 3195,",,,[],[],{},{},[]
1800 Possums,https://1800possums.com.au/,,,,,1800 767 786,"311 Carlisle St, Balaclava, Victoria, 3182, Australia",,,[],[],{},{},[]
1800 Shade U,https://1800shadeu.com.au,,,,,1800 742 338,"81 Northern Rd, Heidelberg West, Victoria, 3081, Australia",,,[],[],{},{},[]
1800 We Store It,https://1800westoreit.com.au/,,,,,0460876900,"99B Fitzgerald Road, Laverton North,VIC,3026, Victoria, 3026, Australia",,,[],[],{},{},[]
1800 We Store It Pty Ltd,https://1800westoreit.com.au/,,,,,+61 1300 407 010,"Suite 274/189 Queen St, Melbourne, Victoria, 3000, Australia",,,[],[],{},{},[]
181 Electrical,https://181electrical.com.au/,,,,,0403 734 299,"PO BOX 4003, Burwood East, Victoria, 3151, Australia",,,[],[],{},{},[]
181 Electrical,,,,,,1800000181,"23 Chippendale terrace, Burwood East, Victoria, 3151, 4003,",,,[],[],{},{},[]
1825 Interiors - Furniture Store Fyshwick,https://www.1825interiors.com.au/stores/fyshwick,,,,,(02) 6280 9040,"12 Albany St, Fyshwick, Australian Capital Territory, 2600, Australia",,,[],[],{},{},[]
1891 Tattoo,https://1891tattoo.com/,,,,,04 2152 9215,"666 Goodwood Rd, Daw Park, 5041,",,,[],[],{},{},[]
1951,https://www.elmsettlements.com.au,,,,,(08) 9399 5677,"2-4 Badbury Rd, Armadale, Western Australia, 6112, Australia",,,[],[],{},{},[]
1A Fliesenleger Spezialist in Hamburg - Fliesen Verlegen - Bodenleger - Badsanierung,https://1a-fliesenleger-hamburg.de,,,,,+49 40 98244097,"Schleswiger Str. 4, Hamburg, Deutschland 22761,",,,[],[],{},{},[]
1DayWraps,https://1daywraps.com,,,,,+1-951-677-2688,"41606 Date St STE 204, Murrieta, California, 92562, United States",,,[],[],{},{},[]
1Lotus Research,https://1lotusresearch.com/,,,,,22 2801 5152,"1108, 11th Floor, Opal Square, S.G.Barve, Mumbai, Maharashtra, 400604, India",,,[],[],{},{},[]
1solutions,https://www.1solutions.biz/law-firm-seo-services/,,,,,8130674100,"46, 3rd floor, Hasanpur Village, I.P Extension, Patparganj, New Delhi- 110092, India, New Delhi, Delhi, 110092, India",,,[],[],{},{},[]
1st Carpet Cleaning Melbourne,https://1stcarpetcleaningmelbourne.com.au/,,,,,03 6364 2913,"14 Davisons Pl, Melbourne, Victoria, 3000, Australia",,,[],[],{},{},[]
1st Choice Fix,https://www.1stchoicefix.com.au/,,,,,0401 487 558,"41 Bernecker St, Carina, Queensland, 4152, Australia",,,[],[],{},{},[]
1st Choice Hot Water,https://1stchoicehotwater.com.au,,,,,(07) 3805 1578,"12/13-15 Ellerslie Rd, Meadowbrook QLD 4131,",,,[],[],{},{},[]
1st Choice Mechanical Repairs,https://wollongongmechanical.com.au,,,,,+61 2 4228 7949,"7/30 Swan St, Wollongong, New South Wales, 2500, Australia",,,[],[],{},{},[]
1st Choice Waste Management,https://1stchoicewastemanagement.co.uk/,,,,,01892309719,"79 Beeches Rd, Crowborough, England, TN62BB, United Kingdom",,,[],[],{},{},[]
1st Concrete Contractor,,,,,,,"7520 Hillcroft St  Houston, Texas  77081,",,,[],[],{},{},[]
1st Duct Cleaning Melbourne,https://1stcarpetcleaningmelbourne.com.au/duct-cleaning-melbourne/,,,,,,"599 Little Collins St, Melbourne, Victoria, 3000, Australia",,,[],[],{},{},[]
1st Flood Damage Restoration Melbourne,https://1stcarpetcleaningmelbourne.com.au/flood-damage-restoration-melbourne/,,,,,03 6364 2913,"111 Flinders Ln, Melbourne, Victoria, 3000, Australia",,,[],[],{},{},[]
1st Mattress Cleaning Melbourne,https://1stcarpetcleaningmelbourne.com.au/mattress-cleaning-melbourne/,,,,,,"14 McKillop St, Melbourne, Victoria, 3000, Australia",,,[],[],{},{},[]
1st Rug Cleaning Melbourne,https://1stcarpetcleaningmelbourne.com.au/rug-cleaning-melbourne/,,,,,03 6364 2913,"59 William St, Melbourne, Victoria, 3000, Australia",,,[],[],{},{},[]
1st Street,http://1ststreet.com.au,,,,,+61 1300 178 787,"527 Old South Head Rd, Rose Bay, New South Wales, 2029, Australia",,,[],[],{},{},[]
1st Upholstery Cleaning Melbourne,https://1stcarpetcleaningmelbourne.com.au/upholstery-cleaning-melbourne/,,,,,03 6364 2913,"336 La Trobe St, Melbourne, Victoria, 3000, Australia",,,[],[],{},{},[]
1Stop Mechanical Inc.,https://1stopmechanical.com/,,,,,7034916542,"14381 Pine Ln, Woodbridge, Virginia, 22191, United States",,,[],[],{},{},[]
1Touch Plumbing & Gas,https://www.1touchplumbing.com.au/,,,,,0459997743,"27 Sargeant St, Gulliver QLD 4812, Australia, Townsville, 4812,",,,[],[],{},{},[]
2 Bro's Plumbing,https://twobrosplumbing.com/,,,,,305-910-3817,"6008 NW 6 AVE, Miami, Florida, 33127, United States",,,[],[],{},{},[]
2 Cold Refrigeration & Air Conditioning Sutherland Shire,https://www.2coldrefrigeration.com.au/,,,,,0413 551 056,"6 N W Arm Rd, Gymea, New South Wales, 2227, Australia",,,[],[],{},{},[]
2 Easy Removalists Perth,https://www.2easyremovals.com.au,,,,,08 6114 9428,"61 Gordon Rd E, Osborne Park, Western Australia, 6017, Australia",,,[],[],{},{},[]
2 Ezy Finance,https://2ezyfinance.com.au,,,,,+61 417 007 265,"106a Sunnyholt Road, Blacktown, New South Wales, 2148, Australia",,,[],[],{},{},[]
2 Oceans Plumbing & Gas,http://www.2oceansplumbing.com.au/,,,,,0404 082 478,"28 Bonnievale Terrace, Wanneroo, Western Australia, 6065, Australia",,,[],[],{},{},[]
2 twenty 2 group,HTTP://WWW.2TWENTY2GOUP.COM,,,,,0424756554,"50/51 Roslyn gardens, Elizabeth Bay, 2011,",,,[],[],{},{},[]
2&2 4U Accounting & Business Services,https://www.2and24u.com.au/,,,,,04 2097 7078,"12 Hinkler St, Morayfield, Queensland, 4506, Australia",,,[],[],{},{},[]
20 Twenty Plus,http://www.20twentyplus.com.au/,,,,,430497118,"21/33 Coonara Ave, West Pennant Hills, 2125,",,,[],[],{},{},[]
2012 Painting,http://2012painting.com/,,,,,+1 210-367-5632,"14 Talon Brk,  San Antonio, Texas 78238, United States, South Dakota, 57380, United States",,,[],[],{},{},[]
2018,https://mcobeauty.com/,,,,,,"Unit 5, 809-821 Botany Road, Rosebery, New South Wales, 2018, Australia",,,[],[],{},{},[]
20alldigital,https://20alldigital.com/,,,,,+91 8866 785 515,"210, Siddharth Complex, Rc Dutt Road, Alkapuri, Vadodara, Vadodara,",,,[],[],{},{},[]
20PerFit,https://www.20perfit.com.au/,,,,,1300202073,"Shop 1, 3, Victoria Road, Parramatta, 2150,",,,[],[],{},{},[]
21 Timbers,https://21timbers.com.au,,,,,+61 7 3801 1122,"60 Cairns St, Loganholme, Queensland, 4129, Australia",,,[],[],{},{},[]
212F,https://212f.com,,,,,61 3 8620 7820,"7 St Kilda Rd, St Kilda, Victoria, 3004, Australia",,,[],[],{},{},[]
219 Group,https://www.themashhouse.com,,,,,+1 910-483-4749,"102 Person St, Fayetteville, North Carolina, 28301, United States",,,[],[],{},{},[]
21st Century Group Pty Ltd,http://www.21stcenturygroup.com.au,,,,,0414788924,"Level 1, 14 Ross St, North Parramatta, New South Wales, 2151, Australia",,,[],[],{},{},[]
21Twelve Interactive LLP,https://www.21twelveinteractive.com/,,,,,(07) 3040 1210,"18 Glena St, Fairfield, Queensland, 4103, Australia",,,[],[],{},{},[]
222 Hoddle,https://222hoddle.com.au/,,,,,,"222 Hoddle Street, Abbortsford, Victoria, 3066, Australia",,,[],[],{},{},[]
24 Hour Emergency Electrician,https://www.24houremergencyelectricians.com.au/,,,,,0466 925 564,"Ipswich, Brisbane, Queensland, 4305, Australia",,,[],[],{},{},[]
24 Hour Emergency Electrician Australia,http://www.24houremergencyelectricians.com.au,,,,,0466 925 564,"6 Malinya Place, Wishart, Queensland, 4122, Australia",,,[],[],{},{},[]
24 Hour Emergency Electrician in Sydney - Able Electrician,https://www.ableelectrician.com.au/,,,,,0421 336 049,"Sydney, New South Wales, 2207, Australia",,,[],[],{},{},[]
24 Hour Emergency Plumber Australia,http://www.24houremergencyplumber.com.au,,,,,0466 197 263,"7/407 Warrigal Road, Eight Mile Plains, Queensland, 4113, Australia",,,[],[],{},{},[]
24 hour Emergency Plumber Near Me,https://sydneydraindoctor.com.au/,,,,,1300774663,"587 Merrylands Rd, Merrylands NSW 2160, Australia, 587 Merrylands Rd, Merrylands NSW 2160, AustraliaMerrylands, 2160,",,,[],[],{},{},[]
24 Hour Emergency Plumber Sunshine Coast,https://www.24houremergencyplumbersunshinecoast.com.au/,,,,,0481 850 266,"5 Darter St, Peregian Springs, Queensland, 4573, Australia",,,[],[],{},{},[]
24 Hour Pest Control Perth,http://perth24hourpestcontrol.com.au/,,,,,,"101 Murray St, Perth, Western Australia, 6000, Australia",,,[],[],{},{},[]
24 Hours Air Conditioning Melbourne and In All Suburb,http://24hoursplumbing.com.au/air-conditioning-melbourne,,,,,1300998126,"Melbourne, Victoria, 3000, Australia",,,[],[],{},{},[]
24 Hours Plumbing - Air Conditioning Ballarat,https://24hoursplumbing.com.au/air-conditioning-ballarat.html,,,,,1300998126,"Ballarat Central, Victoria, 3350, Australia",,,[],[],{},{},[]
24 HR BONDSMAN,https://maps.app.goo.gl/dREq77s9q4vRPWq99,,,,,5615284023,"1122 S Congress Ave Suite F, Palm Springs, 33406,",,,[],[],{},{},[]
24 Hr Plumbing,https://24hourservice.com.au/,,,,,0432 34 24 14,"243a Marsden Rd, Carlingford, New South Wales, 2118, Australia",,,[],[],{},{},[]
24 TECH SOFT,https://www.24techsoft.com.au/,,,,,+61438011833,"24 Hawthorn Rd, Burwood East, Victoria, 3151, Australia",,,[],[],{},{},[]
24/7 Customer Support Services - PCS Connect,https://pcsconnect.us/services,,,,,(866) 671-4344,"441 W MacKay Dr, San Bernardino, California, 92408, United States",,,[],[],{},{},[]
24/7 Engineering,https://www.247engineering.com.au/,,,,,0451102545,"Door 6, 176-178 Colchester Rd, Bayswater North, Victoria, 3153, Australia",,,[],[],{},{},[]
24/7 Local Plumber,https://www.247localplumber.com.au/,,,,,03 9070 9976,"27 Parkes Road, Melbourne, Victoria, 3004, Australia",,,[],[],{},{},[]
24/7 Plumber Sydney,https://plumberstoday.net.au/,,,,,,"46 Bridge St, Sydney, New South Wales, 2000, Australia",,,[],[],{},{},[]
247 Digital,https://www.247digital.com.au/,,,,,61386091078,"203-205 Blackburn Rd, Mount Waverley, Victoria, 3149, Australia",,,[],[],{},{},[]
247 Energy Solutions LLC,https://247energysolutions.com/,,,,,(510) 804-9824,"3319 Harpers Ferry Ct, Pleasanton, California, 94588, United States",,,[],[],{},{},[]
247 Pest Control Adelaide,https://247pestcontroladelaide.com.au/,,,,,(08) 7184 4667,"94-96 Gouger St, Adelaide, South Australia, 5000, Australia",,,[],[],{},{},[]
247 Pest Control Canberra,https://247pestcontrolcanberra.com.au/,,,,,02 6105 9069,"224 Bunda St, Canberra, Australian Capital Territory, 2601, Australia",,,[],[],{},{},[]
247 Pest Control Melbourne,https://247pestcontrolmelbourne.com.au/,,,,,03 4505 2416,"376-390 Collins St, Melbourne, Victoria, 3000, Australia",,,[],[],{},{},[]
247 Plumber Melbourne,https://247plumbermelbourne.com.au/,,,,,0419 990 092,"45A Chapel St, Windsor, Victoria, 3181, Australia",,,[],[],{},{},[]
247 Possum Removal Canberra,https://247possumremovalcanberra.com.au/,,,,,08 7184 0835,"Allara St, Canberra, Australian Capital Territory, 2601, Australia",,,[],[],{},{},[]
247 Possum Removal Melbourne,https://247possumremovalmelbourne.com.au/,,,,,(08) 7184 0835,"233 Collins St, Melbourne, Victoria, 3000, Australia",,,[],[],{},{},[]
247 Possum Removal Perth,https://247possumremovalperth.com.au/,,,,,(08) 7184 0835,"178 St Georges Terrace, Perth, Western Australia, 6000, Australia",,,[],[],{},{},[]
247 Rodent Control Brisbane,https://247rodentcontrolbrisbane.com.au/,,,,,(08) 7184 0835,"133 Mary St, Brisbane City, Queensland, 4000, Australia",,,[],[],{},{},[]
247 Rodent Control Perth,https://247rodentcontrolperth.com.au/,,,,,(08) 7184 0835,"16 Irwin St, Perth, Western Australia, 6000, Australia",,,[],[],{},{},[]
247 Tech Solutions,https://247techsolutions.com.au/,,,,,61 1300 247 875,"A0039, 459 Scarborough Beach Road, Osborne Park WA 6017,",,,[],[],{},{},[]
247 Termite Inspection Canberra,https://247termiteinspectioncanberra.com.au/,,,,,02 6105 9069,"12 Moore St, Canberra, Australian Capital Territory, 2601, Australia",,,[],[],{},{},[]
247 Termite Inspection Perth,https://247termiteinspectionperth.com.au/,,,,,(08) 7184 0835,"125 Murray St, Perth, Western Australia, 6000, Australia",,,[],[],{},{},[]
247 Tile Grout Cleaning Sydney,https://247tilegroutcleaningsydney.com.au/,,,,,02 5950 6266,"Sydney New South Wales 2000,",,,[],[],{},{},[]
247taxiline,https://www.247taxiline.com,,,,,01908676767,"314 Midsummer Blvd, Milton Keynes, MK9 1BW,",,,[],[],{},{},[]
24hourlocksmithmelbourne,https://24hourlocksmithmelbourne.com.au/,,,,,0466-344-447,"Melbourne, Victoria, 3002, Australia",,,[],[],{},{},[]
24hr test and tag,http://24hrtestandtag.com.au,,,,,,"1-7 Blakeney St, Highgate Hill, Queensland, 4101, Australia",,,[],[],{},{},[]
24infonews,http://www.24infonews.live,,,,,,,,,[],[],{},{},[]
24Seven Commerce,https://www.24sevencommerce.com/,,,,,4086430097,"Octopus Bridge, Inc. (DBA 24Seven Commerce), San Jose, 95138,",,,[],[],{},{},[]
24x7 Dental Suite,https://www.24x7dentalsuite.com.au/,,,,,02 88092221,"14 Hereward Highway, Blacktown, NSW 2148,",,,[],[],{},{},[]
24x7 Dental Suite,https://www.24x7dentalsuite.com.au/,,,,,0288092221,"14 Hereward Highway, Blacktown, NSWBlacktown NSW, Australia, 2148,",,,[],[],{},{},[]
24x7 Dental Suite,https://24x7dentalsuite.com.au/,,,,,+61288092221,"14 Hereward Hwy, Blacktown, New South Wales, 2148, Australia",,,[],[],{},{},[]
24x7 pharma,https://24x7pharma.com/,,,,,,"137 Westall Rd, Melbourne, Victoria, 3171, Australia",,,[],[],{},{},[]
