/australia/temora/marketing-services-20-consultants/client-connections
/australia/sydney/professional-services-provider/ellanda
/australia/bondi-junction/office-20-business-systems/kazoik
/australia/temora/marketing-services-20-consultants/media-services-global
/accountants-20-auditors/rsm-australia
/australia/sydney/accountants-20-auditors/rsm-australia
/australia/perth/accountants-20-auditors/rsm-australia
/australia/melbourne/accountants-20-auditors/rsm-australia
/deakin/accountants-20-auditors/rsm-australia
/australia/brisbane-city/accountants-20-auditors/rsm-australia
/australia/adelaide/accountants-20-auditors/rsm-australia
/pro/20210601175915
/business-consultants/the-collaborative-group
/australia/sydney/training-20-development/the-mentor-platform
/pro/20230526185952
/pro/20210531095617
/pro/20210512101621
/
/victoria/collingwood/internet-marketing-services/about-today
/new-south-wales/ashtonfield/training-20-development/aci-global-pty-ltd
/australia/neutral-bay/solicitors/active-legal
/australia/osborne-park/business-consultants/acuity-group
/australia/abbotsford/internet-marketing-services/adaptify
/sydney/accountants-20-auditors/aero-accounting-group
/argenton/banking-or-other-financial-services/afd-loans-pty-ltd
/australia/west-melbourne/organisations-business-20-professional/alecto-australia
/bulleen/management-consultants/alfred-ablaza
/new-south-wales/glendenning/home-automation/amescorp-pty-ltd
/new-south-wales/crows-nest/dance-tuition-ballet-20or-theatrical/arthur-murray-crows-nest
/australia/neutral-bay/hair-removal/australian-waxing-company-
/seven-hills/engineers-general/avt-services-pty-ltd
/australia/capalaba/accountants-20-auditors/balanced-business-accounting
/redfern/financiers/beckon-capital
/south-australia/adelaide/health-and-fitness-centres-and-services/bluesky-psychology
/new-south-wales/bowral/dentists/bowral-street-dental-practice
/new-south-wales/pyrmont/business-brokers/bsale-com-au
/australia/fyshwick/computers-technical-support/care-managed-it
/new-south-wales/emu-plains/furniture-wholesalers-and-manufacturers/civic-australia
/tasmania/hobart/business-consultants/collins-sba
/australia/queanbeyan/disability-services-20-support-organisations/coordinated-care-services
/nsw/miranda/business-brokers/cornerstone-business-sales-valuations-pty-ltd
/new-south-wales/sydney/business-consultants/craig-west
/melbourne/management-consultants/cresteum
/australia/melbourne/computer-systems-consultants/digital-team-coach
/australia/chatswood/internet-marketing-services/e-web-marketing
/new-south-wales/sydney/insurance-brokers/emjay-insurance-brokers
/new-south-wales/sydney/employment-services/employsure
/northern-territory/alice-springs/travel-agents-20-consultants/emu-run-experiences
/australia/temora/marketing/eze-videos-marketing
/victoria/oakleigh/glass-merchants-20-glaziers/fastglass-24-hrs-7-days
/new-south-wales/fairfield-east/construction-management/hard-bakka-rigging-pty-ltd
/australia/cooks-hill/business-consultants/human-pattern-recognition
/australia/brisbane-city/financial-planning/i-love-smsf
/australia/mount-lawley/management-consultants/imari-consulting
/new-south-wales/bankstown/wardrobes-built-in/impressive-wardrobes-791714
/250013/north-wollongong/financiers/international-pacific-technology-corporation
/the-ponds/business-consultants/keystone-consulting-group
/pro/20200722172156
/drummoyne/tuition-educational/leap-into-literacy
/australia/five-dock/conveyancing-services/lighthouse-law-group-416616
/new-south-wales/wallerawang/boxes-20-cartons-cardboard-20-fibre/lite-corp
/brisbane/sportswear-retail/lorna-jane
/surrey-hills/accountants-20-auditors/maggs-reid-stewart
/australia/bella-vista/business-consultants/maxmyprofit
/australia/brisbane-city/accountants-20-auditors/mazars-in-australia
/australia/haymarket/doctors-medical-practitioners/medical-director-
/western-australia/perth/interior-designers/medifit-design-construct
/australia/sydney/business-brokers/mentored-business-sales
/australia/sydney/apartments-20-flats/meriton-
/australia/new-farm/business-consultants/mkconsult
/australia/mona-vale/dentists/mona-vale-dental
/internet-marketing-services/nabeel-azam
/adamstown-heights/carpet-20-carpet-tiles-retail/newcastle-carpet-one
/sydney/telecommunications-consultants/next-telecom
/australia/east-perth/panel-beaters-20-painters/nova-smash-repair-
/new-south-wales/surry-hills/counselling-marriage-family-20-personal/ocp-australia-pty-limited
/new-south-wales/sydney/jewellery-designers/opals-australia-pty-ltd
/australia/broome/employment-services/optimise-hr-consulting
/new-south-wales/bondi-beach/medical-centres/phallosan-forte
/south-australia/norwood/accountants-20-auditors/r-a-veitch-co
/port-melbourne/marriage-celebrants-civil/robyn-may-christie
/australia/wagga-wagga/accountants-20-auditors/rsm-australia
/australia/toowoomba-city/accountants-20-auditors/rsm-australia
/rockingham/accountants-20-auditors/rsm-australia
/australia/quairading/accountants-20-auditors/rsm-australia
/australia/port-lincoln/accountants-20-auditors/rsm-australia
/australia/northam/accountants-20-auditors/rsm-australia
/australia/narrogin/accountants-20-auditors/rsm-australia
/australia/moora/accountants-20-auditors/rsm-australia
/australia/merredin/accountants-20-auditors/rsm-australia
/australia/manjimup/accountants-20-auditors/rsm-australia
/australia/mandurah/accountants-20-auditors/rsm-australia
/australia/katanning/accountants-20-auditors/rsm-australia
/australia/karratha/accountants-20-auditors/rsm-australia
/kalgoorlie/accountants-20-auditors/rsm-australia
/australia/jurien-bay/accountants-20-auditors/rsm-australia
/australia/goulburn/accountants-20-auditors/rsm-australia
/australia/geraldton/accountants-20-auditors/rsm-australia
/australia/fremantle/accountants-20-auditors/rsm-australia
/australia/esperance/accountants-20-auditors/rsm-australia
/australia/corrigin/accountants-20-auditors/rsm-australia
/australia/collie/accountants-20-auditors/rsm-australia
/australia/busselton/accountants-20-auditors/rsm-australia
/australia/bunbury/accountants-20-auditors/rsm-australia
/australia/ballarat-central/accountants-20-auditors/rsm-australia
/australia/albury/accountants-20-auditors/rsm-australia
/australia/albany/accountants-20-auditors/rsm-australia
/new-south-wales/five-dock/electrical-contractors/russo-electrical-pty-ltd
/australia/training-20-development/salesspace
/pro/20170906194259
/pro/20170906094335
/australia/miranda/management-consultants/sas-change-management
/australia/moorabbin/hardware-retail/schutties-fasteners-pty-ltd
/australia/woolloomooloo/business-consultants/shifting-sands-digital
/new-south-wales/castle-hill/window-roller-shutters/shutters-australia-pty-ltd
/new-south-wales/hurstville/advertising-general/sigma-connected
/sydney/marketing-services-20-consultants/sme-association-of-australia
/marketing-services-20-consultants/sme-association-of-australia
/pro/20200305080133
/australia/north-ryde/smea
/australia/sydney/financial-planning/smsf-blueprint
/australia/temora/clothing-makers-up/sox-that-rok
/accountants-20-auditors/superfect-pty-ltd
/australian-capital-territory/macquarie/dentists/supersmile
/new-south-wales/sydney/health-support-organisations/susie-tuckwell
/new-south-wales/dulwich-hill/plumbing-consultants/sydney-emergency-plumbing
/australia/artarmon/security-guard-20-patrol-services/synergy-protection-agency-t/a-always-synergy
/sydney/legal-support-20-referral-services/taylor-scott-lawyers
/victoria/chirnside-park/accountants-20-auditors/the-field-group
/australia/sydney/business-consultants/the-hr-experts-international
/queensland/strathpine/construction-management/tpm-builders
/new-south-wales/mittagong/dentists/tulip-smile
/australia/bowen-hills/airlines-20-airline-agents/virgin-australia
/new-south-wales/wahroonga/dentists/wahroonga-dental
/victoria/point-cook/yoga/western-wellness-yoga
/new-south-wales/sydney/business-consultants/your-virtual-advisory-board
/pro/20231128165818
/pro/20231127195644
/pro/20231127190429
/pro/20231127185752
/pro/20231125202607
/pro/20231124224753
/pro/20231124005010
/pro/20231123211612
/pro/20231123210811
/pro/20231123192530
/pro/20231123173521
/pro/20231121084719
/pro/20231120223536
/pro/20231120204906
/pro/20231119210158
/pro/20231117225902
/pro/20231116153957
/pro/20231116111229
/pro/20231112031218
/pro/20231111004259
/pro/20231110082115
/pro/20231108192332
/pro/20231108080933
/pro/20231107213606
/pro/20231107173216
/pro/20231107040515
/pro/20231106172358
/pro/20231106003701
/pro/20231105215854
/pro/20231103181859
/pro/20231101170151
/pro/20231031182227
/pro/20231030165814
/pro/20231026200835
/pro/20231026150028
/pro/20231026005007
/pro/20231025210644
/pro/20231024201945
/pro/20231024043403
/pro/20231023203947
/pro/20231020163601
/pro/20231020151958
/pro/20231020150257
/pro/20231020122520
/pro/20231018194637
/pro/20231018083735
/pro/20231014204038
/pro/20231013181520
/pro/20231013164313
/pro/20231013011136
/pro/20231012170551
/pro/20231011084904
/pro/20231010150429
/pro/20231005201408
/pro/20231005045218
/pro/20231001191922
/pro/20231001174815
/pro/20231001172942
/pro/20231001171809
/pro/20230928205318
/pro/20230926032145
/pro/20230922173320
/pro/20230922162820
/pro/20230922014948
/pro/20230921084315
/pro/20230920175452
/pro/20230917041724
/pro/20230916180527
/pro/20230916174726
/pro/20230914172644
/pro/20230912204119
/pro/20230912175008
/pro/20230912164257
/pro/20230911034126
/pro/20230907212230
/pro/20230904185518
/pro/20230903000153
/pro/20230831170635
/pro/20230829162423
/pro/20230828013439
/pro/20230825222324
/pro/20230823180303
/pro/20230822173727
/pro/20230822033112
/pro/20230822023513
/pro/20230821165804
/pro/20230817191312
/pro/20230816202545
/pro/20230816164802
/pro/20230810180159
/pro/20230810172026
/pro/20230810012451
/pro/20230809210711
/pro/20230808224911
/pro/20230808165950
/pro/20230807221719
/pro/20230807165540
/pro/20230807123240
/pro/20230807022730
/pro/20230806140335
/pro/20230730023351
/pro/20230727191119
/pro/20230726214329
/pro/20230726140126
/pro/20230726072535
/pro/20230725161356
/pro/20230724194900
/pro/20230724152618
/pro/20230721230758
/pro/20230721204116
/pro/20230721080419
/pro/20230720221544
/pro/20230720195005
/pro/20230717225442
/pro/20230714160224
/pro/20230713232213
/pro/20230711154545
/pro/20230711153350
/pro/20230708202010
/pro/20230708152130
/pro/20230707173543
/pro/20230707151726
/pro/20230707102713
/pro/20230707093005
/pro/20230705202431
/pro/20230704201104
/pro/20230626183301
/pro/20230622172653
/pro/20230615194424
/pro/20230612133118
/pro/20230611195253
/pro/20230608202624
/791189
/pro/20230606181530
/pro/20230603193203
/pro/20230601131208
/pro/20230530144415
/pro/20230526174252
/pro/20230525182345
/pro/20230525152339
/pro/20230519214429
/pro/20230519160529
/pro/20230519155909
/pro/20230519015655
/pro/20230516160758
/pro/20230515155725
/pro/20230513163608
/pro/20230512205446
/pro/20230512155407
/pro/20230512153106
/pro/20230512142625
/pro/20230511231011
/pro/20230511165127
/pro/20230511162930
/pro/20230511104434
/pro/20230510213419
/pro/20230510180535
/pro/20230510122924
/pro/20230507192541
/pro/20230506170641
/pro/20230505151755
/pro/20230505003847
/788831
/pro/20230503122010
/pro/20230503065903
/pro/20230502184159
/pro/20230429025033
/pro/20230428230934
/pro/20230428202147
/pro/20230424172412
/pro/20230422230033
/pro/20230420181536
/pro/20230419182137
/pro/20230419152544
/pro/20230414170551
/pro/20230413154908
/pro/20230412225347
/pro/20230412180217
/pro/20230411191702
/787419
/pro/20230406031718
/pro/20230402002235
/pro/20230401204531
/pro/20230331195806
/pro/20230331172848
/pro/20230330190923
/pro/20230329195255
/pro/20230327204542
/pro/20230326214319
/pro/20230324200852
/pro/20230324024250
/pro/20230322164341
/786247
/pro/20230321204753
/pro/20230317184031
/785901
/pro/20230315215547
/pro/20230315210723
/pro/20230314184651
/pro/20230314142651
/pro/20230314140307
/pro/20230314090004
/pro/20230313175841
/pro/20230313173654
/pro/20230313150855
/pro/20230309200117
/pro/20230309185108
/pro/20230308161815
/pro/20230307154437
/pro/20230304220515
/pro/20230225173014
/pro/20230221224536
/pro/20230215234107
/pro/20230215233240
/pro/20230215172923
/pro/20230215140952
/pro/20230215135404
/pro/20230213224752
/pro/20230211155739
/pro/20230210171923
/pro/20230210171152
/pro/20230210161904
/pro/20230208023513
/pro/20230206230447
/pro/20230203001625
/pro/20230202153942
/pro/20230202134124
/pro/20230202063140
/pro/20230201191604
/pro/20230201164513
/pro/20230201142849
/pro/20230131183407
/pro/20230127190955
/pro/20230125200157
/pro/20230124020636
/pro/20230123173106
/pro/20230121174501
/pro/20230120172232
/pro/20230119185559
/pro/20230119141523
/pro/20230117211340
/pro/20230117164314
/pro/20230116175310
/pro/20230113155349
/pro/20230112210743
/pro/20230112155832
/pro/20230110231523
/pro/20230109222225
/pro/20230109185749
/pro/20230109180821
/pro/20230104171931
/pro/20230103195908
/pro/20230102204359
/pro/20230102160701
/pro/20221230231812
/pro/20221228182103
/pro/20221226165128
/pro/20221226153748
/pro/20221222023323
/pro/20221219150218
/pro/20221215154027
/pro/20221214175654
/pro/20221214164503
/pro/20221211024350
/pro/20221211014436
/pro/20221209165305
/pro/20221208161028
/pro/20221208154206
/pro/20221206195356
/pro/20221203155918
/pro/20221202162725
/pro/20221201174233
/pro/20221201152758
/pro/20221201064627
/pro/20221128195719
/pro/20221126140534
/pro/20221124170129
/pro/20221124161008
/pro/20221124085819
/pro/20221123135551
/pro/20221121214617
/pro/20221115194156
/pro/20221114152551
/pro/20221111182117
/pro/20221110203058
/pro/20221109173221
/pro/20221109132921
/pro/20221108150035
/pro/20221107212742
/pro/20221103151023
/pro/20221102163045
/pro/20221031205115
/pro/20221031163941
/pro/20221030115903
/pro/20221028220554
/pro/20221028194635
/pro/20221027201558
/pro/20221025213530
/pro/20221025194228
/pro/20221025165002
/pro/20221022010531
/pro/20221019171733
/pro/20221015214247
/pro/20221008151356
/pro/20221006191407
/pro/20221006161100
/pro/20221006154830
/pro/20221003181607
/pro/20221001170822
/pro/20221001092421
/pro/20220929154727
/pro/20220928202018
/pro/20220927203253
/pro/20220922184553
/pro/20220919185451
/pro/20220919154800
/pro/20220915210911
/pro/20220915105644
/pro/20220913145020
/pro/20220912193025
/pro/20220910160853
/pro/20220909140520
/pro/20220909030942
/pro/20220909025805
/pro/20220908234547
/pro/20220905170342
/pro/20220902161413
/pro/20220831140252
/pro/20220830211409
/pro/20220830194412
/pro/20220830175645
/pro/20220829172911
/pro/20220828204929
/pro/20220824205800
/pro/20220823164507
/pro/20220823054203
/pro/20220818231922
/pro/20220818170439
/pro/20220818145258
/pro/20220817201530
/pro/20220817170339
/pro/20220817160549
/pro/20220817135515
/pro/20220817135252
/pro/20220817134808
/pro/20220817134511
/pro/20220817134255
/pro/20220817133906
/pro/20220817133521
/pro/20220817133221
/pro/20220816213932
/pro/20220816153839
/pro/20220809205140
/pro/20220809185538
/pro/20220809162714
/pro/20220808094728
/pro/20220806204735
/pro/20220806173409
/pro/20220803212306
/pro/20220802174833
/pro/20220801181514
/pro/20220729173653
/pro/20220729171142
/pro/20220728204947
/pro/20220728154440
/pro/20220728123625
/pro/20220727202032
/pro/20220727120403
/pro/20220722170615
/pro/20220722160656
/pro/20220712191033
/pro/20220711172640
/pro/20220706214618
/pro/20220706162031
/pro/20220703214813
/pro/20220627225924
/pro/20220627161757
/pro/20220624203243
/pro/20220624171015
/pro/20220624020006
/pro/20220623180339
/pro/20220622154932
/pro/20220619233206
/pro/20220619015602
/pro/20220615195247
/pro/20220615144538
/pro/20220615115600
/pro/20220614232626
/pro/20220613102349
/pro/20220612122956
/pro/20220610163124
/pro/20220608182704
/pro/20220608095753
/pro/20220607185223
/pro/20220607164316
/pro/20220603171113
/pro/20220602234636
/pro/20220602163955
/pro/20220602155635
/pro/20220602102601
/pro/20220601225557
/pro/20220531185114
/pro/20220530173354
/pro/20220527190832
/pro/20220523203624
/pro/20220521200638
/pro/20220520163245
/pro/20220519072306
/pro/20220517164339
/pro/20220513131003
/pro/20220512015434
/pro/20220509194657
/pro/20220506211527
/pro/20220506165743
/pro/20220505183634
/pro/20220505151740
/pro/20220502101114
/pro/20220429162710
/pro/20220428155104
/pro/20220428054758
/pro/20220428050344
/pro/20220425200539
/pro/20220424180558
/pro/20220421213332
/pro/20220421143200
/pro/20220420204503
/pro/20220419145417
/pro/20220419041428
/pro/20220413173556
/pro/20220407165744
/pro/20220404181127
/pro/20220403180424
/pro/20220401163004
/pro/20220401043519
/pro/20220331222428
/pro/20220329233257
/pro/20220322204654
/pro/20220315233642
/pro/20220315182630
/pro/20220312205114
/pro/20220310153526
/pro/20220308163527
/pro/20220304130549
/pro/20220301211247
/pro/20220301155952
/pro/20220226151855
/pro/20220226145513
/pro/20220224222733
/pro/20220224212243
/pro/20220224173057
/pro/20220222165654
/pro/20220215210502
/pro/20220214165637
/pro/20220214024530
/pro/20220203220408
/pro/20220201212355
/pro/20220201211020
/pro/20220131141534
/pro/20220130234017
/pro/20220126143609
/pro/20220125210606
/pro/20220125144631
/pro/20220124205540
/pro/20220117144648
/pro/20220117141747
/pro/20220115234531
/pro/20220111211616
/pro/20220111000148
/pro/20220107234337
/pro/20220103144632
/pro/20211228195544
/pro/20211228023533
/759745
/pro/20211227000319
/pro/20211224184338
/pro/20211224150839
/pro/20211222204430
/pro/20211217215501
/pro/20211216161641
/pro/20211215215057
/pro/20211215090440
/pro/20211209193612
/pro/20211208172320
/pro/20211205220850
/pro/20211130155154
/pro/20211129153454
/pro/20211126210309
/pro/20211126203613
/pro/20211126000620
/pro/20211124135913
/pro/20211123223132
/pro/20211123135157
/pro/20211123133125
/pro/20211122160518
/pro/20211119194342
/pro/20211119165757
/pro/20211118173545
/pro/20211118150405
/pro/20211117200127
/pro/20211117162516
/pro/20211114011010
/pro/20211113184844
/pro/20211110183514
/pro/20211109181348
/pro/20211109002049
/pro/20211104171626
/pro/20211104025319
/pro/20211103213549
/pro/20211103182605
/pro/20211103182058
/pro/20211101024309
/pro/20211027160253
/pro/20211026143230
/pro/20211026013625
/pro/20211020211622
/pro/20211020185009
/pro/20211020171833
/pro/20211019172411
/pro/20211018203131
/pro/20211017000513
/pro/20211014133429
/pro/20211013215607
/pro/20211012160651
/pro/20211011161657
/pro/20211008165050
/pro/20211006211757
/pro/20211006135945
/pro/20211004154832
/pro/20210929200143
/pro/20210928165946
/pro/20210925224922
/pro/20210925183419
/pro/20210924172250
/pro/20210922164413
/pro/20210921160211
/pro/20210920233340
/pro/20210917212436
/pro/20210917144727
/pro/20210916233052
/pro/20210915032251
/pro/20210903205421
/pro/20210902160704
/pro/20210831180310
/pro/20210830151555
/pro/20210830085746
/pro/20210824211758
/pro/20210819225741
/pro/20210817105231
/pro/20210816133900
/pro/20210812154512
/pro/20210812135117
/pro/20210809210010
/pro/20210809050450
/pro/20210809031746
/pro/20210808214053
/pro/20210808151237
/pro/20210806214751
/pro/20210806182348
/pro/20210806144905
/pro/20210806021920
/pro/20210805214648
/pro/20210805184412
/pro/20210804171054
/pro/20210803230054
/pro/20210802125319
/pro/20210729204914
/pro/20210728192148
/pro/20210727163357
/pro/20210726201908
/pro/20210726172815
/pro/20210723162007
/pro/20210720165427
/pro/20210719160742
/pro/20210719115800
/pro/20210717184040
/pro/20210715224740
/pro/20210715204520
/pro/20210715180445
/pro/20210714121246
/pro/20210713171217
/pro/20210709220915
/pro/20210709192942
/pro/20210703172409
/pro/20210701230049
/pro/20210701171957
/pro/20210630151306
/pro/20210628152408
/pro/20210625033912
/pro/20210624181434
/pro/20210624104842
/pro/20210621084000
/pro/20210618194034
/pro/20210618134132
/pro/20210617152350
/pro/20210616233741
/pro/20210616024240
/pro/20210614161322
/pro/20210611172141
/pro/20210609164250
/pro/20210609020132
/pro/20210608235447
/pro/20210608235426
/pro/20210604143636
/pro/20210604143159
/pro/20210602223121
/pro/20210602161129
/pro/20210601215655
/pro/20210531002315
/pro/20210530074457
/pro/20210528233849
/pro/20210527160030
/pro/20210522193245
/pro/20210520151548
/pro/20210518215723
/pro/20210515205538
/pro/20210515002401
/pro/20210511172509
/pro/20210507214017
/pro/20210506212241
/pro/20210506194600
/pro/20210502000415
/pro/20210430223126
/pro/20210427035956
/pro/20210426132958
/pro/20210419222558
/pro/20210419211643
/pro/20210414201517
/pro/20210412213606
/pro/20210409202157
/pro/20210402171756
/pro/20210331213102
/pro/20210316225609
/pro/20210316194457
/pro/20210315161216
/pro/20210309135936
/pro/20210308170417
/pro/20210304205007
/pro/20210303165358
/pro/20210302175032
/pro/20210223200625
/pro/20210219211112
/pro/20210216201603
/pro/20210216155248
/pro/20210211212341
/pro/20210211003303
/pro/20210211001522
/pro/20210210215134
/pro/20210210041129
/pro/20210209024306
/pro/20210204220404
/pro/20210204124128
/pro/20210203144148
/pro/20210202174428
/pro/20210201175316
/pro/20210128172157
/pro/20210128105903
/pro/20210127161411
/pro/20210123013114
/pro/20210121174722
/pro/20210120175515
/pro/20210119201944
/pro/20210113073918
/pro/20210109155037
/pro/20210108224526
/pro/20210102224132
/pro/20201229215025
/pro/20201224224027
/pro/20201222204715
/pro/20201222170317
/pro/20201221191406
/pro/20201217091945
/pro/20201215204218
/pro/20201214201154
/pro/20201214174240
/pro/20201211205210
/pro/20201211120709
/pro/20201210000759
/pro/20201130110018
/pro/20201129200807
/pro/20201127185143
/pro/20201124203442
/pro/20201123085508
/pro/20201119223030
/pro/20201119184543
/pro/20201111195245
/pro/20201111173445
/pro/20201111162432
/pro/20201111093853
/pro/20201111034652
/pro/20201110155609
/pro/20201110154519
/pro/20201110023141
/pro/20201109052010
/pro/20201107192719
/pro/20201106235409
/pro/20201105184231
/pro/20201103202916
/pro/20201102194941
/pro/20201101173719
/pro/20201029172505
/pro/20201029134925
/pro/20201026222114
/pro/20201026171857
/pro/20201024152600
/pro/20201023225551
/pro/20201023163829
/pro/20201016155728
/pro/20201015194557
/pro/20201015151145
/pro/20201015094218
/pro/20201014112922
/pro/20201007215600
/pro/20201005215946
/pro/20201001082819
/pro/20200928164957
/pro/20200923171106
/pro/20200922164034
/pro/20200922132143
/pro/20200911214118
/pro/20200911200124
/pro/20200908201227
/pro/20200907155329
/pro/20200904163354
/pro/20200903102603
/pro/20200828203345
/pro/20200821222425
/pro/20200819203734
/pro/20200817121646
/pro/20200814215417
/pro/20200809172440
/pro/20200808205136
/pro/20200806225535
/pro/20200804171839
/pro/20200804141755
/pro/20200804122117
/pro/20200730131651
/pro/20200729181939
/pro/20200727114827
/pro/20200724122035
/pro/20200723200039
/pro/20200722131923
/pro/20200721160339
/pro/20200717185434
/pro/20200715194909
/pro/20200714155525
/pro/20200710185356
/pro/20200708124106
/pro/20200706230341
/pro/20200703092212
/pro/20200702201828
/pro/20200702165431
/pro/20200629014719
/pro/20200624200539
/pro/20200618153514
/pro/20200618141708
/pro/20200618113333
/pro/20200615211208
/pro/20200613222010
/pro/20200612181129
/pro/20200611235744
/pro/20200610171931
/pro/20200608202038
/pro/20200605221255
/pro/20200603185318
/pro/20200603104022
/pro/20200602141841
/pro/20200602045200
/pro/20200524163041
/pro/20200518161433
/pro/20200518031646
/pro/20200515165056
/pro/20200514212525
/pro/20200511182502
/pro/20200506130422
/pro/20200505171252
/pro/20200504194029
/pro/20200501022542
/pro/20200430191451
/pro/20200430033419
/pro/20200429234408
/pro/20200429180840
/pro/20200425020929
/pro/20200424215324
/pro/20200424131923
/pro/20200418194142
/pro/20200410194143
/pro/20200407200115
/pro/20200407195025
/pro/20200407153503
/pro/20200407072058
/pro/20200327013424
/pro/20200327011349
/pro/20200326215210
/pro/20200326120641
/pro/20200325162446
/pro/20200322180658
/pro/20200320165024
/pro/20200319075135
/pro/20200318210941
/pro/20200318193422
/pro/20200317213323
/pro/20200317201200
/pro/20200317200252
/pro/20200316225439
/pro/20200316223457
/pro/20200316195004
/pro/20200314173427
/pro/20200313151607
/pro/20200312143053
/pro/20200311225126
/pro/20200311222624
/pro/20200311194028
/pro/20200310163329
/pro/20200310094048
/pro/20200307204412
/pro/20200307155356
/pro/20200306215947
/pro/20200306214750
/pro/20200306203024
/pro/20200306170026
/pro/20200305220701
/pro/20200304205943
/pro/20200304174545
/pro/20200304153702
/pro/20200302211758
/pro/20200227153653
/pro/20200226232529
/pro/20200226170313
/pro/20200225224704
/pro/20200225215041
/pro/20200225200312
/pro/20200225155124
/pro/20200225132910
/pro/20200222200548
/pro/20200221115846
/pro/20200217131949
/pro/20200217131714
/pro/20200216041810
/pro/20200211224250
/pro/20200207110725
/pro/20200206192916
/pro/20200204215530
/pro/20200130191332
/pro/20200129222455
/pro/20200127171642
/pro/20200123024045
/pro/20200120200517
/pro/20200117011052
/pro/20200114223718
/pro/20200111182600
/pro/20200104095335
/pro/20200103151929
/pro/20191229202552
/pro/20191226171122
/pro/20191225191338
/pro/20191225172032
/pro/20191223203208
/pro/20191220205146
/pro/20191219215234
/pro/20191214133007
/pro/20191212201208
/pro/20191211151356
/pro/20191211075619
/pro/20191210191629
/pro/20191205193855
/pro/20191205150307
/pro/20191204202800
/pro/20191125222027
/pro/20191121004349
/pro/20191119212212
/pro/20191116161504
/pro/20191116033406
/pro/20191114050221
/pro/20191113201107
/pro/20191111171617
/pro/20191109185647
/pro/20191108113021
/pro/20191107143424
/pro/20191106195302
/pro/20191106113657
/pro/20191031165722
/pro/20191030230859
/pro/20191030154320
/pro/20191029215738
/pro/20191025201141
/pro/20191025190424
/pro/20191025183452
/pro/20191023145732
/pro/20191022232841
/pro/20191021151502
/pro/20191021132204
/pro/20191016140531
/pro/20191015214841
/pro/20191014150903
/pro/20191011140407
/pro/20191010215953
/pro/20191009152435
/pro/20191006162132
/pro/20191002153932
/pro/20190927203136
/pro/20190926204930
/pro/20190926201038
/pro/20190925213926
/pro/20190924154416
/pro/20190920195608
/pro/20190919203005
/pro/20190917184626
/pro/20190916161146
/pro/20190916155617
/pro/20190913163200
/pro/20190906094357
/pro/20190903141638
/pro/20190902153322
/pro/20190831142845
/pro/20190830132841
/pro/20190827233444
/pro/20190823171950
/pro/20190820190751
/pro/20190820041659
/pro/20190815153429
/pro/20190810213033
/pro/20190807171618
/pro/20190802000737
/pro/20190801234949
/pro/20190731030251
/pro/20190727170753
/pro/20190723061204
/pro/20190722162516
/pro/20190719213213
/pro/20190717175721
/pro/20190717160137
/pro/20190712205927
/pro/20190712203715
/pro/20190712014325
/pro/20190710145106
/pro/20190708145444
/pro/20190701225512
/pro/20190701224235
/pro/20190701174246
/pro/20190613220012
/pro/20190613215549
/pro/20190603060205
/pro/20190524224358
/pro/20190524024217
/pro/20190522224149
/pro/20190520140042
/pro/20190510173932
/pro/20190508163420
/pro/20190507195233
/pro/20190429162512
/pro/20190423205442
/pro/20190420184233
/pro/20190418154814
/pro/20190416175856
/pro/20190411052257
/pro/20190410140811
/pro/20190404172948
/pro/20190325190252
/pro/20190325130958
/pro/20190324022324
/pro/20190323201942
/pro/20190307172624
/pro/20190307131241
/pro/20190306202956
/pro/20190303142719
/pro/20190227171235
/pro/20190227152417
/pro/20190222211811
/pro/20190221225906
/pro/20190220183040
/pro/20190220173940
/pro/20190219175129
/pro/20190218153752
/pro/20190215172614
/pro/20190213165124
/pro/20190211190617
/pro/20190211162305
/pro/20190209194445
/pro/20190209165206
/pro/20190208165348
/pro/20190208154525
/pro/20190208003505
/pro/20190207184934
/pro/20190206210030
/pro/20190204174758
/pro/20190204131625
/pro/20190204122750
/pro/20190201215132
/pro/20190201190423
/pro/20190131211137
/pro/20190128203329
/pro/20190128154409
/pro/20190123221340
/pro/20190123185906
/pro/20190123164810
/pro/20190122170917
/pro/20190121182904
/pro/20190118113348
/pro/20190117134617
/pro/20190117030006
/pro/20190116183856
/pro/20190115205529
/pro/20190115154250
/pro/20190114150228
/pro/20190111224026
/pro/20190111191746
/pro/20190110161422
/pro/20190109230155
/pro/20190107154944
/pro/20190107125949
/pro/20190104222435
/pro/20190104054113
/pro/20190103163658
/pro/20190103163557
/pro/20181231170339
/pro/20181226205346
/pro/20181220223734
/pro/20181220203448
/pro/20181220195647
/pro/20181220194250
/pro/20181220142308
/pro/20181219174014
/pro/20181219095125
/pro/20181218182916
/pro/20181218112719
/pro/20181217203740
/pro/20181217180236
/pro/20181217172352
/pro/20181217170338
/pro/20181217150824
/pro/20181213215606
/pro/20181207070841
/pro/20181206233646
/pro/20181126074508
/pro/20181122211108
/pro/20181121150727
/pro/20181120162521
/pro/20181119161254
/pro/20181116211309
/pro/20181113223251
/pro/20181109163933
/pro/20181108080134
/pro/20181105202111
/pro/20181105145112
/pro/20181105135320
/pro/20181103162225
/pro/20181102190045
/pro/20181102173736
/pro/20181030194217
/pro/20181025201319
/pro/20181025194535
/pro/20181025151141
/pro/20181024214853
/pro/20181024150530
/pro/20181022192518
/pro/20181016135558
/pro/20181015152853
/pro/20181005223313
/pro/20181005171447
/pro/20180929192857
/pro/20180928141340
/pro/20180926233939
/pro/20180926193642
/pro/20180924041118
/pro/20180918155530
/pro/20180914155238
/pro/20180913100345
/pro/20180912203356
/pro/20180910113107
/pro/20180907171402
/pro/20180905185302
/pro/20180904095733
/pro/20180903153147
/pro/20180903152719
/pro/20180829124002
/pro/20180823204340
/pro/20180813190349
/pro/20180811184521
/pro/20180809220058
/pro/20180801194702
/pro/20180728142656
/pro/20180725173737
/pro/20180725161236
/pro/20180720014913
/pro/20180719231325
/pro/20180719160050
/pro/20180718082813
/pro/20180717181306
/pro/20180704141844
/pro/20180618172421
/pro/20180615171820
/pro/20180613155947
/pro/20180528121255
/pro/20180524153318
/pro/20180516121653
/pro/20180511154651
/pro/20180511101927
/pro/20180510215819
/pro/20180510095826
/pro/20180509170521
/pro/20180509165800
/pro/20180504125859
/pro/20180503224158
/pro/20180426001824
/pro/20180420211518
/pro/20180420171126
/pro/20180411175834
/pro/20180405114445
/pro/20180404144821
/pro/20180403203314
/pro/20180329155442
/pro/20180328191736
/pro/20180322153811
/pro/20180322135340
/pro/20180321161349
/pro/20180320195024
/pro/20180319220705
/pro/20180310210654
/pro/20180309222422
/pro/20180308210501
/pro/20180228205919
/pro/20180226154537
/pro/20180223052131
/pro/20180222180556
/pro/20180222174234
/pro/20180220191040
/pro/20180211092756
/pro/20180209155642
/pro/20180126090004
/pro/20180117135134
/pro/20180116202009
/pro/20180110170424
/pro/20171214191323
/pro/20171214102339
/pro/20171214090801
/pro/20171213183251
/pro/20171213160212
/pro/20171213154454
/pro/20171213131759
/pro/20171213103147
/pro/20171212161640
/pro/20171212130229
/pro/20171212083642
/pro/20171212043151
/pro/20171211221920
/pro/20171211213756
/pro/20171211213012
/pro/20171211173635
/pro/20171211155809
/pro/20171211154932
/pro/20171210095158
/pro/20171209202619
/pro/20171209183213
/pro/20171209143744
/pro/20171208212014
/pro/20171208160530
/pro/20171208155958
/pro/20171208144304
/pro/20171208113824
/pro/20171208104549
/pro/20171207235945
/pro/20171207162330
/pro/20171207152402
/pro/20171207114458
/pro/20171207085819
/pro/20171207013003
/pro/20171206172805
/pro/20171206165402
/pro/20171206153528
/pro/20171206143727
/pro/20171205185332
/pro/20171205172506
/pro/20171205164739
/pro/20171205152924
/pro/20171205143725
/pro/20171205114407
/pro/20171205023821
/pro/20171204213621
/pro/20171204190558
/pro/20171204180412
/pro/20171204165314
/pro/20171204143043
/pro/20171204111343
/pro/20171204095104
/pro/20171202183203
/pro/20171202183036
/pro/20171201173745
/pro/20171201150739
/pro/20171201145059
/pro/20171201131320
/pro/20171130203956
/pro/20171130192328
/pro/20171130123834
/pro/20171129210342
/pro/20171129172517
/pro/20171129152606
/pro/20171129150306
/pro/20171129140434
/pro/20171129110936
/pro/20171129103611
/pro/20171128181459
/pro/20171128165431
/pro/20171128160431
/pro/20171128153424
/pro/20171128151155
/pro/20171113142654
/pro/20171031154835
/pro/20171025204132
/pro/20171020213736
/pro/20171017010347
/pro/20171006142916
/pro/20171003021332
/pro/20170928085348
/pro/20170927152547
/pro/20170927104622
/pro/20170920093905
/pro/20170918091021
/pro/20170915183810
/australia/glendalough/advertising-agencies/ -all-cleaning-perth
/australia/melbourne/pest-control/be-pest-free-cheap-pest-control-melbourne
/electrical-accessories-wholesalers-20-manufacturers/green-edge-electrical-electrician-salisbury
/australia/west-melbourne/auto-electrical-services/melbourne-mobile-auto-air
/australia/south-yarra/knitting-wool-20-accessories/-middle-south-east
/victoria/pakenham/skin-treatment/ 1ml-skin-clinic
/cleaning-home/-absolute-cleaning-solutions-
/australia/burbank/real-estate-agents/aguiar
/australia/airport-west/air-conditioning-automotive/airport-west-motor-repairs
/australia/adelaide/educational-consultants/allstaff-training-consultants
/sydney/business-consultants/amrop-carmichael-fisher-sydney
/australia/sydney/rubbish-removers/away-today-rubbish-removal-sydney
/australia/fairy-meadow/timber-trade-and-retail/-b-d-carpets-galore-pty-ltd
/australia/adelaide/massage-therapy/b3-massage-and-movement
/australia/blacktown/landscape-contractors-20-designers/blacktown-landscapes-729154
/australia/richmond/organisations-business-20-professional/-block-chain-australia-
/australia/dandenong-south/panel-beaters-20-painters/bms-smash-repairs
/carlton/drafting-services/cad-drafting-services
/pearland/food-20or-general-stores/-cadeau-confections
/australia/denham-court/landscape-contractors-20-designers/campbelltown-landscaping
/australia/denham-court/tree-felling-20-stump-removal/campbelltown-tree-service
/australia/seven-hills/towing-equipment/-carasel-towbars-pty-ltd
/australia/green-fields/auto-parts-recyclers/cash-for-cars-gawler
/artarmon/catering-functions/catering-and-events
/australia/brisbane/cleaning-contractors-commercial-20-industrial/commercial-clean-group-725203
/malabar/jewellery-designers/-core-carbon-rings
/australia/thomastown/poles-lighting-20-power/coslee-poles
/australia/miami/tattooing/custom-irons
/australia/randwick/furniture-removals-20-storage/d-blue-pro
/australia/smythes-creek/dentists/dentist-ballarat-delacombe-family-dental
/berwick/window-repairs/dents-direct
/australia/mulgrave/transport-services/-dez-removals
/australia/vermont-south/cleaning-contractors-steam-pressure-chemical-etc/diamond-shine-pressure-cleaning
/australia/tempe/security-systems-20-consultants/-eagle-eyes-security-systems
/australia/mill-park/building-consultants/esd-consultants
/australia/camellia/towing-services/ezy-cash-for-cars
/cheltenham/financial-planning/financial-advisor-melbourne
/australia/scoresby/employment-labour-hire-contractors/-first-personnel
/australia/malvern/cargo-20-freight-containers-20_or-services/freight-melbourne-to-perth-freight-partners
/australia/camden/auto-electrical-services/g-c-auto-electrics
/australia/southbank/health-and-fitness-centres-and-services/genmedicare
/australia/sydney/business-brokers/gent-industries-ptv-ltd
/australia/beaumont-hills/fashion-accessories/gigi-s-eco-collection
/australia/victoria-park/shopping-centres/good-flight-sleep
/australia/carrum-downs/hire-medical-equipment/h-e-technical-services-pty-ltd
/australia/renmark/house-boats-hire/happy-days-houseboats
/australia/bendigo/dental-emergency-services/integrated-smiles-bendigo
/perth/travel-agents-20-consultants/-isa-migrations-education-consultants
/singapore/coffee-retail/-klu
/australia/perth/cleaning-home/leather-sofa-cleaning-perth
/australia/melbourne/pest-control/local-pest-control-melbourne
/australia/melbourne/cleaning-home/local-tile-and-grout-cleaning
/australia/bassendean/towing-services/loman-car-removals-perth
/australia/menai/pest-control/marks-pest-control-menai
/melbourne/massage-therapy/mary-kay-nude-private-therapist
/australia/perth/cleaning--home/-mattress-cleaning-perth
/australia/melville/finance-motor-vehicle/-melville-renault
/australia/bondi-beach/child-care-centres/mindful-mum-baby-sleep-consultant-727104
/owings/home-health-care-aids-20-equipment/mosquito-sheriff
/australia/perth/furniture-removals-20-storage/movers-who-cares
/australia/paradise-point/health-and-fitness-centres-and-services/-navi-health 
/australia/melbourne/computer-software/-optimal-virtual-employee
/australia/garbutt/satellite-equipment-20-services/orbit-innovations-group-734438
/australia/mudgeeraba/plastics-products-wholesalers-and-manufacturers/-otb-products-pty-ltd-1300-310-210
/australia/dandenong/auto-electrical-services/ozwreck-holden-ford-wreckers
/altona/home-maintenance-20-repairs/-padinspections
/australia/gladstone-park/pet-shops/pawfect-health
/australia/kunda-park/funeral-celebrants/perry-oster-funerals
/australia/canberra/pest-control/pest-control-canberra-729108
/port-melbourne/locks-20-locksmiths/-port-melbourne-locksmiths
/australia/eagle-farm/customs-brokers/-powerhouse-international-qld
/australia/kent-town/home-improvements/premium-home
/australia/doveton/tiles-roofing/pro-tiling-melbourne
/australia/maddington/powder-coating-services/protech-powdercoaters
/australia/braeside/organisations--business-20-professional/-recognition-id
/kallangur/-redcliffe-removals
/australia/kensington/accountants-20-auditors/reliable-melbourne-accountants
/sydney/laser-services-20-consultants/result-laser-laser-hair-removal-skin-care-cosmetic-clinic
/australia/mount-low/clothing-alterations-20-mending/rose-lane-clothing
/victoria/nunawading/furnishings-retail/ rylock-windows-doors
/australia/forest-hill/photocopiers/sharp-photocopiers	
/hyde-park/skin-treatment/-silk-laser-clinics
/india/bathinda/internet-marketing-services/skycon-technologies
/australia/melbourne/insurance-brokers/smart-business-insurance-pty-ltd-737127
/australia/adelaide/cleaning-home/sofa-cleaning-adelaide
/australia/jimboomba/cleaning-home/south-qld-restoration-728523
/australia/burton/advertising-agencies/-stairs-by-design
/australia/alfredton/garden-sheds/steelchief-industries-pty-ltd
/australia/oatlands/health-foods-20-products-retail/-swanson-australia-swanson-vitamins-shop-online-supplements-probiotics-organic-foods
/hawthorn/building-contractors-alterations-extensions-20-renovations/the-authentic-age-pty-ltd-restoration-advice
/australia/dee-why/health-and-fitness-centres-and-services/-the-beaches-sports-physio
/south-australia/tanunda/hotel-restaurant-20-club-supplies/ the-clubhouse-in-barossa-valley
/australia/sydney/counselling-marriage-family-20-personal/-the-relationspace
/australia/canberra/cleaning-products-20-supplies/upholstery-cleaning-canberra-728672
/australia/hobart/cleaning-home/upholstery-cleaning-hobart-728580
/australia/milton/organisations-business-20-professional/uptimes
/clayton/hearing-aids-equipment-20-services/victorian-hearing-740279
/australia/collingwood/shopping-centres/warrina-designs
/australia/perth/valuers-real-estate/-west-coast-valuers
/greenacre/window-cleaning/-window-cleaners-sydney
/professional-services-provider/design-the-planet
/dentists/ems-oceania
/queensland/mountain-creek/advertising-agencies/sheraz-khan
/surveyors-land/
/utrecht/finance-brokers/
/new-south-wales/green-valley/organisations-business-20-professional/
/abrasive-blasting/sell-my-car-union
/plumbing-consultants/
/australia/abrasive-blasting/
/contractors-general/
/bangkok/real-estate-agents/
/carolina/home-health-care-aids-20-equipment/
/maharashtra/tourist-attractions-information-20-services/
/australia/industrial-20-protective-clothing/
/australia/newcastle/offices--serviced/globex-global-executive-services
/australia/melbourne/cleaning-home/melbourne-housekeepers
/victoria/hallam/packaging-materials/vivo-boxes-vivo-boxes-part-of-vivo-packaging-group
/new-york-ny-10036/advertising-agencies/«seologic»-—-international-internet-agency
/rockdale/home-improvements/02-8084-2944
/victoria/melbourne/barbers/727-310-0956
/singapore/singapore/kitchenware-retail/glazed
/australia/south-brisbane/banking-or-other-financial-services/solved
/western-australia/perth/charities-20-charitable-organisations/stop-cyberbullying
/marketing/thepositive-digital-business-agency
/warriewood/air-conditioning-installation-and-service/61-402-684-317
/kin-kin-qld-4571/home-improvements/61-458460999
/arizona/phoenix/business-consultants/6-mini-millions-site
/australia/kooringal/timber-trade-and-retail/000-plumbing-services-australia-pty-ltd
/sydney-new-south-wales-2000/air-conditioning/000air
/australia/coogee/plumbers-20-gasfitters/02-4062-9456
/australia/melbourne/fitness-equipment/03-9429-7002
/australia/saint-huberts-island/plumbers-20-gasfitters/048-plumber
/queensland/brisbane/carpet-20-furniture-cleaning-20-protection/0488851508
/victoria/brooklyn/batteries-automotive/04power100-car-truck-battery-specialists
/carpenters-20-joiners/07-runescape-golds
/victoria/melbourne/organisations-business-20-professional/1-day-hardwood-floor-refinishing-in-melbourne
/new-south-wales/sydney/concrete-contractors/1-day-hardwood-floor-refinishing-in-sydney
/victoria/macleod/shopping-centres/1-edge
/australia/castle-hill/professional-services-provider/1-fire-services-pty-ltd
/australia/castle-hill/fire-protection-equipment-20-consultants/1-fire-services-pty-ltd
/england/winnersh/professional-services-provider/1-fix
/victoria/south-melbourne/property-consultants/1-group-property-advisory
/new-south-wales/sydney-olympic-park/real-estate-agents/1-group-property-advisory-sydney
/victoria/narre-warren-south/locks-20-locksmiths/1-key-locksmiths
/australia/sydney/professional-services-provider/1-minute-media
/sydney/marketing/1-minute-media
/real-estate-agents/1-peninsula
/queensland/slacks-creek/restaurants/1-stop-pizza-kebabs
/singapore/event-management/1-host-sg
/bronx/legal-support-20-referral-services/1-800-hurt-511
/brooklyn/legal-support-20-referral-services/1-800-hurt-511
/victoria/noble-park/telephone-systems-20-equipment/1-30-tower-court-noble-park-vic-3174
/dubai/cafes/10-best
/victoria/east-melbourne/apartments-20-flats/10-wellington-parade
/victoria/prahran/real-estate-agents/10-properties-in-10-years
/south-australia/adelaide/real-estate-development/100-king-william-street
/auto-electrical-services/100up
/australia/murrumbeena/hair-treatment-20-replacement/101-hair-and-skin-care-pty-ltd
/australia/chadstone/hair-care-products/101-hair-and-skin-care-pty-ltd
/australia/west-ryde/1014-west-ryde-massage
/tennessee/la-vergne/finance-motor-vehicle/104-rose-bakery
/professional-services-provider/1060-grand-corp
/doreen/organisations-business-20-professional/10xdigitalgroup
/western-australia/east-perth/employment-services/11-recruitment
/australia/cabramatta/massage-therapy/117-massage-cabramatta-727214
/adventure-tours-20-holidays/12-best-beaches-for-paddle-boarding-a-paddler-s-paradise
/victoria/melbourne/day-spas/12-luxurious-day-spas-in-melbourne
/australia/somerton/electrical-contractors/12-volt-customs
/new-south-wales/burraneer/auto-electrical-services/12-volt-guy
/england/south-croydon/transport-20-forwarding-agents/121-air-sea-cargo-ltd
/victoria/melbourne/marketing-services-20-consultants/121-group
/australia/melbourne/advertising-agencies/121-group
/australia/charlestown/finance-brokers/123-financial-group
/donnybrook/business-consultants/123-go-driving-school
/victoria/glen-waverley/life-coaching/123-lived-experience-coach
/victoria/south-melbourne/baby-prams-furniture-20-accessories/123-nourish-me
/niederösterreich/bad-vöslau/car-hire-20or-minibus-rental/123-transporter-at-bad-vöslau
/charlotte-nc/computer-software/123-hp-com-setup
/north-carolina/charlotte/computer-equipment/123-hp-com-setup
/australia/hobart/computer-software/123-hp-com/setup
/australia/arncliffe/make-up-artists-20-supplies/123213-213213
/beauty-salons/123bride-ltd
/computer-equipment-home-20or-small-business/123hpcomsetuponline
/australia/caringbah/computer-equipment-supplies/123inkjets-
/victoria/somerton/electrical-accessories-wholesalers-20-manufacturers/12volt-customs
/victoria/melbourne/taxi-cabs/13-airport-transfers
/queensland/cleveland/sports-centres-20or-grounds/13-axes-axe-throwing-indoor-mini-golf-australia
/victoria/melbourne/restaurants/13-best-restaurants-in-melbourne-you-have-to-try
/australia/bonbeach/taxi-cabs/13-book-cabs-bayside-frankston-taxis
/australia/frankston/taxi-cabs/13-book-cabs-frankston-taxi
/australia/melbourne/travel-agents-20-consultants/13-cabnet
/australia/thomastown/electrical-appliances-repairs-service-20or-parts/13-it
/australia/thomastown/television-repairs-service-20-installation/13-it
/melbourne/taxi-cabs/13-melbourne-cabs
/victoria/craigieburn/taxi-cabs/13-melbourne-taxi
/victoria/melbourne/taxi-cabs/13-silver-taxi
/victoria/bundoora/taxi-cabs/13-taxi-north-suburban-cab
/home-improvements/1300-475-862
/australia/caulfield/taxi-cabs/1300-airport-taxi
/victoria/tullamarine/telecommunications-consultants/1300-easy-dial
/australia/sumner-park/window-tinting/1300-get-tint
/australia/officer/taxation-consultants/1300-taxis
/queensland/portsmith/truck-20-bus-rental/1300-truck-hire
/australia/manly/audiovisual-equipment-20-productions/13001comms
/brisbane/security-systems-20-consultants/1300cameras
/victoria/braeside/abrasive-blasting/1300inflate
/queensland/caboolture/underground-service-locators/1300locate
/-adelaide/dentists/1300smiles-dentists
/australia/narre-warren-south/travel-agents-20-consultants/13cabnet-taxi
/australia/taxi-cabs/13maxi
/new-south-wales/sydney/transport-services/13maxicabsonline
/australia/melbourne/taxi-cabs/13taxico
/australia/melbourne/computers-technical-support/13tech
/victoria/ocean-grove/physiotherapists/13th-beach-health-services
/australia/coomera/boat-20-yacht-builders-20-repairers/143-boat-building-pty-ltd
/arizona/gilbert/medical-centres/1480-2481664
/new-south-wales/sydney/marketing-services-20-consultants/160-com-au
/australia/brisbane/building-contractors-maintenance-20-repairs/180-brisbane
/australia/kallista/building-contractors/180-electrical
/australia/byron-bay/health-foods-20-products-retail/180-nutrition
/australia/queanbeyan-east/waste-reduction-20-disposal-services/180-waste-group
/australia/kalkarindji/internet-service-providers/1800-800-888
/australia/goulburn/camping-equipment-retail/1800-805-826
/victoria/deepdene/rubbish-removers/1800-ausjunk
/victoria/somerville/transport-services/1800-buggies
/australia/underwood/employment-services/1800-drivers
/australia/sydney/water-skiing-equipment/1800-flood
/braeside/limousine-20-car-hire-services-chauffeur-driven/1800-limo-city
/queensland/meadowbrook/transport-car/1800-move-cars
/australia/balaclava/pest-control/1800-possums
/cleveland/business-consultants/1800-removals-728029
/australia/heidelberg-west/shade-structures-20-sails/1800-shade-u
/victoria/laverton-north/storage-general/1800-we-store-it
/victoria/laverton-north-vic-3026/furniture-removals-20-storage/1800-we-store-it
/storage-general/1800-we-store-it
/victoria/melbourne/business-records-management-20-storage/1800-we-store-it-pty-ltd
/australia/south-melbourne/taxi-cabs/1800getmaxi
/victoria/burwood-east/electrical-contractors/181-electrical
/burwood-east-victoria-3151/electrical-engineers/181-electrical
/burwood-east-victoria-3151/auto-electrical-services/181-electrical
/australia/campbelltown/furniture-retail/1825-interiors-furniture-store-campbelltown
/australia/fyshwick/furnishings-retail/1825-interiors-furniture-store-fyshwick
/new-south-wales/wetherill-park/furniture-wholesalers-and-manufacturers/1825-interiors-wetherill-park-warehouse-head-office
/daw-park/tattooing/1891-tattoo
/new-south-wales/sydney/business-consultants/1907-media
/australia/armadale/settlement-agents-28-wa-20-nt-only29/1951
/new-south-wales/wetherill-park/mechanical-engineers/1984-for-25-years
/hamburg-deutschland-22761/blasting-contractors-20-equipment/1a-fliesenleger-spezialist-in-hamburg-fliesen-verlegen-bodenleger-badsanierung
/germany/professional-services-provider/1a-marmorsteinteppich
/california/murrieta/business-consultants/1daywraps
/australia/panania/driving-schools/1drive-school-of-motoring
/maharashtra/mumbai/advertising-agencies/1lotus-research
/advertising-general/1nightfunonline
/delhi/new-delhi/printers-digital/1solutions
/australia/sydney/professional-services-provider/1source
/victoria/melbourne/carpet-20-carpet-tiles-retail/1st-carpet-cleaning-melbourne
/victoria/melbourne/cleaning-home/1st-carpet-repair-melbourne
/queensland/carina/building-restoration-services-20-supplies/1st-choice-fix
/queensland/mundoolun/cleaning-contractors-steam-pressure-chemical-etc/1st-choice-high-pressure-cleaning
/meadowbrook-qld-4131/home-improvements/1st-choice-hot-water
/australia/meadowbrook/hot-water-systems/1st-choice-hot-water
/australia/wollongong/auto-parts-recyclers/1st-choice-mechanical-repairs
/texas/fort-worth/air-conditioning-home/1st-choice-plumbing-heating-air-solutions
/england/crowborough/organisations-business-20-professional/1st-choice-waste-management
/australia/mascot/towing-services/1st-class-towing
/7520-hillcroft-st-houston-texas-77081/concrete-contractors/1st-concrete-contractor
/victoria/melbourne/curtains-cleaning-20or-maintenance/1st-curtain-cleaning-melbourne
/victoria/melbourne/cleaning-home/1st-duct-cleaning-melbourne
/melbourne-vic-3000-australia/organisations-business-20-professional/1st-energy
/victoria/melbourne/cleaning-home/1st-flood-damage-restoration-melbourne
/sutton/transport-services/1st-hire-ltd
/victoria/melbourne/cleaning-home/1st-mattress-cleaning-melbourne
/oklahoma/moore/construction-management/1st-oklahoma-homes
/victoria/melbourne/carpets-20-rugs-oriental-20-handmade/1st-rug-cleaning-melbourne
/australia/smithfield/rubbish-removers/1st-skip
/australia/rose-bay/finance-mortgage-loans/1st-street
/victoria/melbourne/cleaning-home/1st-tile-and-grout-cleaning-melbourne
/victoria/melbourne/cleaning-home/1st-upholstery-cleaning-melbourne
/australia/woollahra/real-estate-agents/1stcity-real-estate-minogue-doak
/virginia/woodbridge/home-improvements/1stop-mechanical-inc
/australia/murarrie/home-improvements/1struct
/townsville/plumbers-20-gasfitters/1touch-plumbing-gas
/australia/gulliver/plumbers-20-gasfitters/1touch-plumbing-gas
/united-states/miami/plumbers-20-gasfitters/2-bro-s-plumbing
/united-states/reisterstown/landscape-contractors-20-designers/2-brothers-landscaping
/new-south-wales/6-n-w-arm-rd-gymea/air-conditioning/2-cold-refrigeration-air-conditioning-sutherland-shire
/computer-software/2-dam-creative
/western-australia/osborne-park/home-improvements/2-easy-removalists-perth
/australia/osborne-park/home-improvements/2-easy-removals
/australia/blacktown/finance-brokers/2-ezy-finance
/launceston/shoe-repairs/2-fixit-the-cobbler
/western-australia/wanneroo/plumbers-20-gasfitters/2-oceans-plumbing-gas
/australia/busselton/fishing-trips/2-oceans-tackle
/elizabeth-bay/film-production-services/2-twenty-2-group
/australia/darlinghurst/cafes/20-coffee-co
/australia/morayfield/accountants-20-auditors/2-2-4u-accounting-business-services
/australia/morayfield/accountants-20-auditors/224u-accounting-business-services
/west-pennant-hills/adventure-tours-20-holidays/20-twenty-plus
/australia/kallangur/mortgage-brokers/20/20-finance-brokers
/united-states/apartments-serviced/2012-painting
/australia/charlestown/tattooing/2012-tattoo-company
/australia/rosebery/beauty-salons/2018
/australia/matraville/fire-protection-equipment-20-consultants/2020-fire-protection
/vadodara/marketing/20alldigital
/new-south-wales/parramatta/health-and-fitness-centres-and-services/20perfit
/parramatta/health-and-fitness-centres-and-services/20perfit
/australia/kew/rehabilitation-services/21-renew
/queensland/loganholme/professional-services-provider/21-timbers
/business-consultants/212-auto-garage
/australia/st-kilda/business-consultants/212f
/melbourne/restaurants/215-queen-s-restaurant-and-bar-melbourne
/north-carolina/fayetteville/marketing/219-group
/new-south-wales/the-ponds/clubs-sporting-miscellaneous/21grand-casino
/australia/north-parramatta/investment-services/21st-century-group-pty-ltd
/australia/fairfield/professional-services-provider/21twelve-interactive
/queensland/fairfield/computer-software/21twelve-interactive-llp
/victoria/craigieburn/cafes/22-yards
/victoria/abbortsford/architects/222-hoddle
/canada/north-york/cleaning-products-20-supplies/24-hour-coin-laundromat
/queensland/brisbane/electrical-contractors/24-hour-emergency-electrician
/wishart/home-improvements/24-hour-emergency-electrician-australia
/australia/wishart/electrical-contractors/24-hour-emergency-electrician-australia
/australia/red-hill/auto-electrical-services/24-hour-emergency-electrician-brisbane
/australia/sydney/electrical-contractors/24-hour-emergency-electrician-in-sydney-able-electrician
/australia/eight-mile-plains/plumbers-20-gasfitters/24-hour-emergency-plumber-australia
/australia/eight-mile-plains/plumbing-consultants/24-hour-emergency-plumber-australia
/australia/mermaid-beach/plumbing-consultants/24-hour-emergency-plumber-gold-coast
/merrylands/plumbers-20-gasfitters/24-hour-emergency-plumber-near-me
/australia/peregian-springs/plumbers-20-gasfitters/24-hour-emergency-plumber-sunshine-coast
/australia/peregian-springs/plumbing-consultants/24-hour-emergency-plumber-sunshine-coast
/weston/locks-20-locksmiths/24-hour-locksmith-weston-fl
/australia/perth/pest-control/24-hour-pest-control-perth
/california/los-angeles/wheels-20-rims-automotive/24-hour-tire-shop-los-angeles-310-497-4295
/australia/melbourne/air-conditioning-installation-and-service/24-hours-air-conditioning-melbourne-and-in-all-suburb-
/australia/fitzroy/plumbers-20-gasfitters/24-hours-emergency-plumber-in-melbourne
/australia/ballarat-central/air-conditioning-installation-and-service/24-hours-plumbing-air-conditioning-ballarat
/new-south-wales/sydney/business-consultants/24-hours-sydney
/palm-springs/banking-or-other-financial-services/24-hr-bondsman
/florida/west-palm-beach/cash-registers/24-hr-bondsman
/new-south-wales/carlingford/plumbing-consultants/24-hr-plumbing
/new-south-wales/bexley-north/plumbing-consultants/24-seven-emergency-plumbing
/australia/burwood-east/internet-marketing-services/24-tech-soft
/western-australia/willetton/health-support-organisations/24-7-animal-emergency-hospital-sai-veterinary
/california/san-bernardino/professional-services-provider/24-7-customer-support-services-pcs-connect
/australia/wingfield/shavers-electric-repairs/24-7-emergency-electrician-service-in-adelaide-ta-electrical
/victoria/bayswater-north/steel-fabricators-and-manufacturers/24-7-engineering
/south-australia/adelaide/waste-water-20-sewage-treatment/24-7-flood-water-mould-damage-restoration-adelaide
/australia/melbourne/plumbing-consultants/24/7-local-plumber
/11-lambert-rd-caulfield-north-vic-3161/locks-20-locksmiths/24-7-locksmith-service
/new-south-wales/sydney/furniture-removals-20-storage/24-7-plumber-sydney
/illinois/chicago/locks-20-locksmiths/24-7-speedy-locksmith-chicago
/australia/mount-waverley/advertising-agencies/247-digital
/australia/mount-waverley/training-20-development/247-digital
/california/pleasanton/solar-energy/247-energy-solutions-llc
/canada/professional-services-provider/247-labs
/south-australia/adelaide/professional-services-provider/247-pest-control-adelaide
/queensland/brisbane-city/professional-services-provider/247-pest-control-brisbane
/australian-capital-territory/canberra/professional-services-provider/247-pest-control-canberra
/tasmania/hobart/professional-services-provider/247-pest-control-hobart
/victoria/melbourne/professional-services-provider/247-pest-control-melbourne
/western-australia/perth/professional-services-provider/247-pest-control-perth
/victoria/windsor/plumbers-20-gasfitters/247-plumber-melbourne
/south-australia/adelaide/professional-services-provider/247-possum-removal-adelaide
/australian-capital-territory/canberra/professional-services-provider/247-possum-removal-canberra
/tasmania/west-hobart/pest-control/247-possum-removal-hobart
/victoria/melbourne/professional-services-provider/247-possum-removal-melbourne
/western-australia/perth/pest-control/247-possum-removal-perth-767011
/western-australia/perth/pest-control/247-possum-removal-perth
/new-south-wales/sydney/professional-services-provider/247-possum-removal-sydney
/queensland/brisbane-city/professional-services-provider/247-rodent-control-brisbane
/melbourne/professional-services-provider/247-rodent-control-melbourne
/western-australia/perth/professional-services-provider/247-rodent-control-perth
/new-south-wales/sydney/professional-services-provider/247-rodent-control-sydney
/osborne-park-wa-6017/organisations-business-20-professional/247-tech-solutions
/queensland/brisbane-city/pest-control/247-termite-inspection-brisbane
/australian-capital-territory/canberra/professional-services-provider/247-termite-inspection-canberra
/victoria/melbourne/professional-services-provider/247-termite-inspection-melbourne
/western-australia/perth/professional-services-provider/247-termite-inspection-perth
/new-south-wales/sydney/professional-services-provider/247-termite-inspection-sydney
/cleaning-contractors-commercial-20-industrial/247-tile-grout-cleaning-sydney
/sports-centres-20or-grounds/247bettingid
/milton-keynes/taxi-truck-services/247taxiline
/australia/melbourne/plumbers-20-gasfitters/24hour-melbourne-plumbers
/victoria/melbourne/locks-20-locksmiths/24hourlocksmithmelbourne
/australia/lalor/plumbers-20-gasfitters/24hours-melbourne-plumber
/queensland/highgate-hill/electrical-testing-20-tagging/24hr-test-and-tag
/houston/doctors-medical-practitioners/24hrdoc
/newsagents/24infonews
/australia/sydenham/caravans-20-camper-trailers-hire/24melbournetaxi
/san-jose/computer-software/24seven-commerce
/victoria/melbourne/educational-consultants/24x7-assignment-help
/blacktown-nsw-2148/dentists/24x7-dental-suite
/new-south-wales/blacktown/dentists/24x7-dental-suite
/blacktown-nsw-australia/dentists/24x7-dental-suite
/australia/blacktown/dentists/24x7-dental-suite-739305
/australia/blacktown/dentists/24x7-dental-suite
/canada/surrey/limousine-20-car-hire-services-chauffeur-driven/24x7-limo
/victoria/melbourne/health-and-fitness-centres-and-services/24x7-pharma
/united-states/hemlock/educational-consultants/24x7assignmenthelp
