Company,Email address,Phone number,Location,# Employees,Industry & Keywords,Buying Intent,Technologies,Revenue,Funding,Job Postings
1Popular Professional UÜ,info@1firmad.ee,,"Harju maakond, Tallinn, Lasnamäe linnaosa, Katusepapi tn 4/1, 11412
                            ",,,,,,,
Osaühing AA-SAT PROFESSIONAL,info@aasat.eu,,"Harju maakond, Rae vald, Peetri alevik, Helgi tee 2, 75312
                            ",,,,,,,
Adipson Baltics OÜ,jaanusree@gmail.com,,"Harju maakond, Tallinn, Kesklinna linnaosa, J. Vilmsi tn 58-18, 10115
                            ",,,,,,,
ALISTON PROFESSIONAL INVESTMENT COMPANY OÜ,,,,,,,,,,
Annabel Clothing OÜ,info@annabel-clothing.eu,+372 53065081,"Harju maakond, Tallinn, Mustamäe linnaosa, Laki tn 15, 12915
                            ",,,,,,,
Argento Professional OÜ,kallas.age@gmail.com,+372 5272569,"Harju maakond, Tallinn, Kristiine linnaosa, Tedre tn 35-6, 11315
                            ",,,,,,,
Arsi Partner OÜ,arsipartner@hot.ee,+372 56257990,"Tartu maakond, Elva vald, Rannu alevik, Elva tee 9-10, 61120
                            ",,,,,,,
MTÜ Association of Professional Coaches,info@apcoach.org,+372 58357177,"Harju maakond, Tallinn, Mustamäe linnaosa, E. Vilde tee 78-63, 12912
                            ",,,,,,,
Baltic Professional Trading OÜ,lena@noormax.ee,,"Harju maakond, Tallinn, Põhja-Tallinna linnaosa, Graniidi tn 1, 10413
                            ",,,,,,,
BALTI PUHASTUSKAUBAD OÜ,,,,,,,,,,
Baltnet Professional OÜ,,,,,,,,,,
Beauty Professional OÜ,,,,,,,,,,
Beaver Professional OÜ,,,,,,,,,,
Best Auto OÜ,info@carbank.ee,,"Harju maakond, Tallinn, Lasnamäe linnaosa, Tähesaju tee 9, 13917
                            ",,,,,,,
Business Professional Consultations OÜ,info.ee@mazala.eu,,"Harju maakond, Tallinn, Kristiine linnaosa, Laki tn 14a, 10621
                            ",,,,,,,
Capture Professional OÜ,avo@naudi.eu,,"Harju maakond, Tallinn, Mustamäe linnaosa, Sõpruse pst 253-26, 13414
                            ",,,,,,,
Cmoney Holding OÜ,toomasluts67@gmail.com,,"Harju maakond, Tallinn, Haabersti linnaosa, Põlde tn 26-1, 13516
                            ",,,,,,,
"Daniel Robert Mclay Professional Cycling, Sports and Activities OÜ",mclaydan@gmail.com,,"Tartu maakond, Tartu linn, Tartu linn, Roosi tn 49-9, 51009
                            ",,,,,,,
Danrak OÜ,ifalver@gmail.com,,"Tartu maakond, Peipsiääre vald, Savimetsa küla, Paju, 60226
                            ",,,,,,,
DeLuxe Line Professional OÜ,,,,,,,,,,
DS Professionals OÜ,siim.udumae@gmail.com,+372 5036119,"Harju maakond, Tallinn, Kesklinna linnaosa, A. Lauteri tn 5-1, 10114
                            ",,,,,,,
Dynamic Professionals OÜ,edward.bell@dynamic-professionals.net,,"3, Lancing Avenue, Didsbuey, Manchester, M206ET, United Kingdom
                            ",,,,,,,
Dynamics Business Professionals OÜ,DynNavProfLLC@outlook.com,,"Harju maakond, Tallinn, Kesklinna linnaosa, Tornimäe tn 7-26, 10145
                            ",,,,,,,
Energy Professionals OÜ,,,,,,,,,,
OÜ Engineering Professional Resources Inc,shenguces@126.com,,"Harju maakond, Tallinn, Kesklinna linnaosa, Liivalaia tn 45, 10145
                            ",,,,,,,
EsteMed Professionals OÜ,info@ericsonlabor.ee,,"Harju maakond, Tallinn, Kesklinna linnaosa, Joa tn 3-6, 10127
                            ",,,,,,,
ESTONIAN COUNCIL FOR PROFESSIONAL TRAINING AND EDUCATION OÜ,,,,,,,,,,
Estonian Professional MuayThai Federation,,,,,,,,,,
EUROPEAN COLLEGE OF PROFESSIONAL STUDIES & RESEARCH OÜ,gupta.varun0309@gmail.com,,,,,,,,,
Excelsior Academy For Professionals OÜ,info@eafp.academy,,"Harju maakond, Tallinn, Kesklinna linnaosa, Rataskaevu tn 2-3, 10133
                            ",,,,,,,
Femell Professional OÜ,info@tradehouse.ee,,"Harju maakond, Tallinn, Lasnamäe linnaosa, Peterburi tee 47c, 11415
                            ",,,,,,,
Finance Professional OÜ,info@fpro.ee,,"Harju maakond, Tallinn, Lasnamäe linnaosa, Katusepapi tn 6-502, 11412
                            ",,,,,,,
FINLORD PROFESSIONAL OÜ,info@artingconsult.ee,,"Harju maakond, Tallinn, Nõmme linnaosa, Heli tn 8, 12618
                            ",,,,,,,
Forest Professional Consultant OÜ,,,,,,,,,,
Global Professional Medics Scandinavia OÜ,d.allikas@gmail.com,+372 58209400,"Harju maakond, Tallinn, Kesklinna linnaosa, Pirita tee 28a, 12011
                            ",,,,,,,
Godageha Pepolgahadeniya OÜ,likvideerimisamet.just@gmail.com,,"Harju maakond, Tallinn, Kesklinna linnaosa, Rävala pst 8, 10143
                            ",,,,,,,
Hair Company Professional UÜ,hairdresser@juuksur.eu,,"Harju maakond, Tallinn, Põhja-Tallinna linnaosa, Vana-Kalamaja tn 7a-12, 10412
                            ",,,,,,,
Haxballey Professional Motogear OÜ,rip.vc.inc@gmail.com,,"Harju maakond, Tallinn, Kesklinna linnaosa, Rävala pst 8, 10143
                            ",,,,,,,
HEALOP Professional OÜ,info@healop.eu,+372 56645776,"Harju maakond, Tallinn, Lasnamäe linnaosa, Peterburi tee 2f, 11415
                            ",,,,,,,
Idablokk Ukraina Mittetulundusühing,brunsvalera@gmail.com,+372 58391137,"Ida-Viru maakond, Lüganuse vald, Kiviõli linn, Keskpuiestee 42-46, 43122
                            ",,,,,,,
International Professional Association of Coaches and Trainers OÜ,ipact@pintosevich.com,,"Harju maakond, Tallinn, Kesklinna linnaosa, Narva mnt 5, 10117
                            ",,,,,,,
IT Professional OÜ,georgh494@gmail.com,,"Harju maakond, Tallinn, Kesklinna linnaosa, Narva mnt 63/4, 10120
                            ",,,,,,,
JanRich Viimistlus OÜ,info@janrich.ee,,"Tartu maakond, Tartu vald, Raadi alev, Pärna allee 16-5, 60532
                            ",,,,,,,
Kitchen Professionals OÜ,info@estlegalservices.com,,"Harju maakond, Tallinn, Kristiine linnaosa, Seebi tn 1-1501, 11316
                            ",,,,,,,
K-Professional OÜ,kaspar.merivalja@gmail.com,+372 56858660,"Pärnu maakond, Pärnu linn, Pärnu linn, Soo tn 37, 80029
                            ",,,,,,,
KP Solutions OÜ,killabeez@windowslive.com,,"Rapla maakond, Kohila vald, Kohila alev, Nõmme tee 6, 79804
                            ",,,,,,,
KV Professionals OÜ,,,,,,,,,,
LASH PROFESSIONAL OÜ,info.lashpro@gmail.com,+372 58117974,"Pärnu maakond, Pärnu linn, Pärnu linn, A. H. Tammsaare pst 34-35, 80016
                            ",,,,,,,
Maple Professional Services OÜ,,,,,,,,,,
MC Professional OÜ,eikje.mcproffou@gmail.com,+372 55565950,"Harju maakond, Tallinn, Kesklinna linnaosa, Võistluse tn 23-35, 10132
                            ",,,,,,,
MPK Professional Services OÜ,malla.koskela98@gmail.com,+358 406829071,"Tartu maakond, Tartu linn, Tartu linn, Tähtvere tn 23-7, 51007
                            ",,,,,,,
NordicProfessional OÜ,jari.nyholm@hansakuljetus.fi,,"Harju maakond, Tallinn, Haabersti linnaosa, Pikaliiva tn 90/2-32, 13516
                            ",,,,,,,
North Barber Professional OÜ,northbarberprofessional@gmail.com,,"Harju maakond, Tallinn, Nõmme linnaosa, Rohula tn 27, 10912
                            ",,,,,,,
NorthernEST Professional OÜ,northernestpro@gmail.com,,"Harju maakond, Tallinn, Kesklinna linnaosa, Estonia pst 5, 10143
                            ",,,,,,,
Old Professionals OÜ,kari.kadak85@gmail.com,+372 5126431,"Harju maakond, Tallinn, Lasnamäe linnaosa, Valge tn 18-15, 11415
                            ",,,,,,,
AS Omega Holding,,,,,,,,,,
Oxford Professionals OÜ,,,,,,,,,,
Pamplemousses Gocola OÜ,transatlantic.international@contractor.net,,"Harju maakond, Tallinn, Kesklinna linnaosa, Rävala pst 8-241c, 10143
                            ",,,,,,,
Panda Professionals OÜ,info@pandakv.ee,,"Harju maakond, Tallinn, Lasnamäe linnaosa, Valukoja tn 8/1, 11415
                            ",,,,,,,
PhiProfessional OÜ,nikola@phiprofessional.com,,,,,,,,,
OÜ Photo & Retouch Professionals,karel@karel.ee,+372 5271373,"Lääne-Viru maakond, Rakvere linn, Posti tn 3a-6, 44307
                            ",,,,,,,
Professional Choice OÜ,,,,,,,,,,
Osaühing Professional Connections,,,,,,,,,,
OÜ Professional Consulting,,,,,,,,,,
MTÜ PROFESSIONAL CONTACT & BUSINESS LIAISON ASSOCIATION,,,,,,,,,,
Professional Decorations OÜ,,,,,,,,,,
Osaühing Professional Fighters Agency UATL,uatl@uatl.org,,"Harju maakond, Tallinn, Kesklinna linnaosa, Väike-Ameerika tn 19-110, 10129
                            ",,,,,,,
Professional Forestmen OÜ,,,,,,,,,,
Osaühing Professionalgrupp,tamvolog@gmail.com,+372 5114508,"Harju maakond, Tallinn, Lasnamäe linnaosa, Pikri tn 5-134, 13624
                            ",,,,,,,
PROFESSIONAL KNOWLEDGE OÜ,,,,,,,,,,
Professional Logistics Transportation OÜ,,,,,,,,,,
Professional Management OÜ,profestonia@gmail.com,+375 291115577,"Harju maakond, Tallinn, Lasnamäe linnaosa, Narva mnt 150, 13619
                            ",,,,,,,
Professional nutrition plans by Aleš Kahánek,a.kahanek123@gmail.com,,"Harju maakond, Tallinn, Kristiine linnaosa, Sõpruse pst 170-37, 13424
                            ",,,,,,,
ProfessionalOnlineFlorist OÜ,info@felicita-flowers.com,,"Harju maakond, Tallinn, Kesklinna linnaosa, Vesivärava tn 50-201, 10152
                            ",,,,,,,
Professional Partner OÜ,info@propartner.ee,,"Harju maakond, Tallinn, Kristiine linnaosa, Liimi tn 1c, 10621
                            ",,,,,,,
Professional Service Company OÜ,professionalserviceou@gmail.com,,"Harju maakond, Viimsi vald, Pärnamäe küla, Kirsiaia tee 3-3, 74020
                            ",,,,,,,
Professionals In Development OÜ,prosindev@gmail.com,+380 947105873,"Harju maakond, Tallinn, Lasnamäe linnaosa, Sepapaja tn 6, 15551
                            ",,,,,,,
OÜ Professional Technologie Int,,,,,,,,,,
OÜ PROFESSIONAL TOUCH,,,,,,,,,,
PROFESSIONAL WORKING GROUP OÜ,ivanichshura0480@gmail.com,,"Ida-Viru maakond, Kohtla-Järve linn, Ahtme linnaosa, Puru tee 41-62, 31023
                            ",,,,,,,
Pross OÜ,pross@pross.ee,+372 5091918,"Harju maakond, Tallinn, Mustamäe linnaosa, E. Vilde tee 111, 12911
                            ",,,,,,,
PublishingHouse ProfessionalEvent OÜ,info@professional-event.eu,+372 6027698,"Harju maakond, Tallinn, Kesklinna linnaosa, Narva mnt 7-634, 10117
                            ",,,,,,,
Mittetulundusühing Rahvusvaheline Arengukeskus ITC Professional Development,itcprodevelopment@gmail.com,+372 5176849,"Harju maakond, Tallinn, Haabersti linnaosa, Veerise tn 10-13, 13516
                            ",,,,,,,
Real Professionals Eesti OÜ,risto.jaakkola@realprof.fi,,,,,,,,,
RecruitNordic Professionals OÜ,fredrikgustavsson75@gmail.com,,"Harju maakond, Tallinn, Kesklinna linnaosa, Väike-Karja tn 6-3, 10140
                            ",,,,,,,
Regina Consulting OÜ,reginaskubel@gmail.com,+372 55536510,"Harju maakond, Tallinn, Haabersti linnaosa, Vabaõhumuuseumi tee 2a-44, 13522
                            ",,,,,,,
Reike Team OÜ,reinkald@gmail.com,+372 59046139,"Viljandi maakond, Viljandi vald, Pulleritsu küla, Järve-Kalda, 69609
                            ",,,,,,,
S.A.V. Professional Invest OÜ,vigant.ale536@gmail.com,,"Harju maakond, Jõelähtme vald, Loo alevik, Saha tee 5, 74201
                            ",,,,,,,
ShaSha Professional OÜ,siirilauri@gmail.com,+372 5138202,"Harju maakond, Tallinn, Pirita linnaosa, Abaja tn 5, 12013
                            ",,,,,,,
Software Professionals OÜ,i58461868@gmail.com,,"Harju maakond, Tallinn, Kesklinna linnaosa, Tuukri tn 19-315, 10120
                            ",,,,,,,
SOLUTION PROFESSIONALS OÜ,,,,,,,,,,
Staffrent Finland OÜ,info@staffrent.ee,,"Harju maakond, Tallinn, Kesklinna linnaosa, Estonia pst 5a, 10145
                            ",,,,,,,
S-trategy Professional Services OÜ,roberto.martinez@s-trategy.com,,"Enrique Diaz de Leon 2223-5 Jardines del Country Guadalajara, Jalisco, 44210, Mexico
                            ",,,,,,,
Teppson OÜ,teppmar@gmail.com,+372 53452056,"Jõgeva maakond, Põltsamaa vald, Põltsamaa linn, Tuleviku tn 29, 48105
                            ",,,,,,,
TIRES EESTI OÜ,tonu.noormets@gmail.com,,"Harju maakond, Viimsi vald, Viimsi alevik, Videviku tee 3-13, 74001
                            ",,,,,,,
TM Professional Trade OÜ,andre@kivilaine.ee,,"Harju maakond, Tallinn, Kesklinna linnaosa, Pärnu mnt 8, 10148
                            ",,,,,,,
TSPprofessional OÜ,sergei@tsppro.org,+372 53317866,"Harju maakond, Tallinn, Haabersti linnaosa, Pagi tn 5-16, 10617
                            ",,,,,,,
UProas OÜ,marek.frantsuzov@outlook.com,,"Harju maakond, Tallinn, Lasnamäe linnaosa, Katusepapi tn 4/1, 11412
                            ",,,,,,,
U-Service Professionals OÜ,uwe.uksik@eesti.ee,+372 5090349,"Harju maakond, Rae vald, Järveküla, Loopealse tee 13, 75304
                            ",,,,,,,
VH ProBuilder OÜ,,,,,,,,,,
